[
{
    "model": "admin.logentry",
    "pk": 1,
    "fields": {
        "action_time": "2024-11-06T14:06:23.012Z",
        "user": 2,
        "content_type": 20,
        "object_id": "45",
        "object_repr": "Рычаг подвески for Mercedes X5",
        "action_flag": 2,
        "change_message": "[]"
    }
},
{
    "model": "admin.logentry",
    "pk": 2,
    "fields": {
        "action_time": "2024-11-06T14:07:09.665Z",
        "user": 2,
        "content_type": 20,
        "object_id": "45",
        "object_repr": "Рычаг подвески for Mercedes X5",
        "action_flag": 2,
        "change_message": "[{\"changed\": {\"fields\": [\"Image1\"]}}]"
    }
},
{
    "model": "admin.logentry",
    "pk": 3,
    "fields": {
        "action_time": "2024-11-06T14:07:38.918Z",
        "user": 2,
        "content_type": 20,
        "object_id": "44",
        "object_repr": "Водяной насос for Toyota Mustang",
        "action_flag": 2,
        "change_message": "[]"
    }
},
{
    "model": "admin.logentry",
    "pk": 4,
    "fields": {
        "action_time": "2024-11-06T14:07:48.245Z",
        "user": 2,
        "content_type": 20,
        "object_id": "43",
        "object_repr": "Генератор for Nissan Sorento",
        "action_flag": 2,
        "change_message": "[{\"changed\": {\"fields\": [\"Image1\"]}}]"
    }
},
{
    "model": "admin.logentry",
    "pk": 5,
    "fields": {
        "action_time": "2024-11-06T14:07:59.675Z",
        "user": 2,
        "content_type": 20,
        "object_id": "42",
        "object_repr": "Топливный насос for Hyundai Altima",
        "action_flag": 2,
        "change_message": "[{\"changed\": {\"fields\": [\"Image1\"]}}]"
    }
},
{
    "model": "admin.logentry",
    "pk": 6,
    "fields": {
        "action_time": "2024-11-06T14:08:22.274Z",
        "user": 2,
        "content_type": 20,
        "object_id": "34",
        "object_repr": "Фара передняя правая for Nissan Sorento",
        "action_flag": 2,
        "change_message": "[{\"changed\": {\"fields\": [\"Image1\"]}}]"
    }
},
{
    "model": "admin.logentry",
    "pk": 7,
    "fields": {
        "action_time": "2024-11-06T14:08:22.500Z",
        "user": 2,
        "content_type": 20,
        "object_id": "34",
        "object_repr": "Фара передняя правая for Nissan Sorento",
        "action_flag": 2,
        "change_message": "[{\"changed\": {\"fields\": [\"Image1\"]}}]"
    }
},
{
    "model": "admin.logentry",
    "pk": 8,
    "fields": {
        "action_time": "2024-11-06T14:09:02.457Z",
        "user": 2,
        "content_type": 20,
        "object_id": "44",
        "object_repr": "Водяной насос for Toyota Mustang",
        "action_flag": 2,
        "change_message": "[{\"changed\": {\"fields\": [\"Image1\"]}}]"
    }
},
{
    "model": "admin.logentry",
    "pk": 9,
    "fields": {
        "action_time": "2024-11-06T14:09:29.518Z",
        "user": 2,
        "content_type": 20,
        "object_id": "41",
        "object_repr": "Фильтр салона for Toyota Mustang",
        "action_flag": 2,
        "change_message": "[{\"changed\": {\"fields\": [\"Image1\"]}}]"
    }
},
{
    "model": "admin.logentry",
    "pk": 10,
    "fields": {
        "action_time": "2024-11-06T14:10:16.735Z",
        "user": 2,
        "content_type": 20,
        "object_id": "40",
        "object_repr": "Прокладка ГБЦ for Hyundai Sorento",
        "action_flag": 2,
        "change_message": "[{\"changed\": {\"fields\": [\"Image1\"]}}]"
    }
},
{
    "model": "admin.logentry",
    "pk": 11,
    "fields": {
        "action_time": "2024-11-06T14:10:16.797Z",
        "user": 2,
        "content_type": 20,
        "object_id": "40",
        "object_repr": "Прокладка ГБЦ for Hyundai Sorento",
        "action_flag": 2,
        "change_message": "[{\"changed\": {\"fields\": [\"Image1\"]}}]"
    }
},
{
    "model": "admin.logentry",
    "pk": 12,
    "fields": {
        "action_time": "2024-11-06T14:10:39.313Z",
        "user": 2,
        "content_type": 20,
        "object_id": "31",
        "object_repr": "Сцепление for Nissan Sorento",
        "action_flag": 2,
        "change_message": "[{\"changed\": {\"fields\": [\"Image1\"]}}]"
    }
},
{
    "model": "admin.logentry",
    "pk": 13,
    "fields": {
        "action_time": "2024-11-06T14:11:01.908Z",
        "user": 2,
        "content_type": 20,
        "object_id": "37",
        "object_repr": "Подшипник ступицы for Hyundai Sorento",
        "action_flag": 2,
        "change_message": "[{\"changed\": {\"fields\": [\"Image1\"]}}]"
    }
},
{
    "model": "admin.logentry",
    "pk": 14,
    "fields": {
        "action_time": "2024-11-06T14:11:19.090Z",
        "user": 2,
        "content_type": 20,
        "object_id": "33",
        "object_repr": "Фара передняя левая for Volkswagen Mustang",
        "action_flag": 2,
        "change_message": "[{\"changed\": {\"fields\": [\"Image1\"]}}]"
    }
},
{
    "model": "admin.logentry",
    "pk": 15,
    "fields": {
        "action_time": "2024-11-06T14:11:35.070Z",
        "user": 2,
        "content_type": 20,
        "object_id": "38",
        "object_repr": "Радиатор охлаждения for Toyota Mustang",
        "action_flag": 2,
        "change_message": "[{\"changed\": {\"fields\": [\"Image1\"]}}]"
    }
},
{
    "model": "admin.logentry",
    "pk": 16,
    "fields": {
        "action_time": "2024-11-06T14:12:03.937Z",
        "user": 2,
        "content_type": 20,
        "object_id": "35",
        "object_repr": "Зеркало боковое левое for Mercedes X5",
        "action_flag": 2,
        "change_message": "[{\"changed\": {\"fields\": [\"Image1\"]}}]"
    }
},
{
    "model": "admin.logentry",
    "pk": 17,
    "fields": {
        "action_time": "2024-11-06T14:12:19.074Z",
        "user": 2,
        "content_type": 20,
        "object_id": "39",
        "object_repr": "Термостат for Nissan Altima",
        "action_flag": 2,
        "change_message": "[{\"changed\": {\"fields\": [\"Image1\"]}}]"
    }
},
{
    "model": "admin.logentry",
    "pk": 18,
    "fields": {
        "action_time": "2024-11-06T14:28:22.748Z",
        "user": 2,
        "content_type": 20,
        "object_id": "45",
        "object_repr": "Рычаг подвески for Mercedes X5",
        "action_flag": 2,
        "change_message": "[{\"changed\": {\"fields\": [\"Image1\"]}}]"
    }
},
{
    "model": "admin.logentry",
    "pk": 19,
    "fields": {
        "action_time": "2024-11-06T14:28:51.238Z",
        "user": 2,
        "content_type": 20,
        "object_id": "44",
        "object_repr": "Водяной насос for Toyota Mustang",
        "action_flag": 2,
        "change_message": "[{\"changed\": {\"fields\": [\"Image1\"]}}]"
    }
},
{
    "model": "admin.logentry",
    "pk": 20,
    "fields": {
        "action_time": "2024-11-06T14:29:00.169Z",
        "user": 2,
        "content_type": 20,
        "object_id": "43",
        "object_repr": "Генератор for Nissan Sorento",
        "action_flag": 2,
        "change_message": "[{\"changed\": {\"fields\": [\"Image1\"]}}]"
    }
},
{
    "model": "admin.logentry",
    "pk": 21,
    "fields": {
        "action_time": "2024-11-06T14:29:26.157Z",
        "user": 2,
        "content_type": 20,
        "object_id": "42",
        "object_repr": "Топливный насос for Hyundai Altima",
        "action_flag": 2,
        "change_message": "[{\"changed\": {\"fields\": [\"Image1\"]}}]"
    }
},
{
    "model": "admin.logentry",
    "pk": 22,
    "fields": {
        "action_time": "2024-11-06T14:29:46.337Z",
        "user": 2,
        "content_type": 20,
        "object_id": "41",
        "object_repr": "Фильтр салона for Toyota Mustang",
        "action_flag": 2,
        "change_message": "[]"
    }
},
{
    "model": "admin.logentry",
    "pk": 23,
    "fields": {
        "action_time": "2024-11-06T14:30:12.236Z",
        "user": 2,
        "content_type": 20,
        "object_id": "40",
        "object_repr": "Прокладка ГБЦ for Hyundai Sorento",
        "action_flag": 2,
        "change_message": "[{\"changed\": {\"fields\": [\"Image1\"]}}]"
    }
},
{
    "model": "admin.logentry",
    "pk": 24,
    "fields": {
        "action_time": "2024-11-06T14:30:27.527Z",
        "user": 2,
        "content_type": 20,
        "object_id": "39",
        "object_repr": "Термостат for Nissan Altima",
        "action_flag": 2,
        "change_message": "[{\"changed\": {\"fields\": [\"Image1\"]}}]"
    }
},
{
    "model": "admin.logentry",
    "pk": 25,
    "fields": {
        "action_time": "2024-11-06T14:30:46.279Z",
        "user": 2,
        "content_type": 20,
        "object_id": "38",
        "object_repr": "Радиатор охлаждения for Toyota Mustang",
        "action_flag": 2,
        "change_message": "[{\"changed\": {\"fields\": [\"Image1\"]}}]"
    }
},
{
    "model": "admin.logentry",
    "pk": 26,
    "fields": {
        "action_time": "2024-11-06T14:30:56.815Z",
        "user": 2,
        "content_type": 20,
        "object_id": "37",
        "object_repr": "Подшипник ступицы for Hyundai Sorento",
        "action_flag": 2,
        "change_message": "[{\"changed\": {\"fields\": [\"Image1\"]}}]"
    }
},
{
    "model": "admin.logentry",
    "pk": 27,
    "fields": {
        "action_time": "2024-11-06T14:31:10.128Z",
        "user": 2,
        "content_type": 20,
        "object_id": "36",
        "object_repr": "Зеркало боковое правое for Mercedes X5",
        "action_flag": 2,
        "change_message": "[{\"changed\": {\"fields\": [\"Image1\"]}}]"
    }
},
{
    "model": "admin.logentry",
    "pk": 28,
    "fields": {
        "action_time": "2024-11-06T14:31:22.519Z",
        "user": 2,
        "content_type": 20,
        "object_id": "34",
        "object_repr": "Фара передняя правая for Nissan Sorento",
        "action_flag": 2,
        "change_message": "[{\"changed\": {\"fields\": [\"Image1\"]}}]"
    }
},
{
    "model": "admin.logentry",
    "pk": 29,
    "fields": {
        "action_time": "2024-11-06T14:31:32.988Z",
        "user": 2,
        "content_type": 20,
        "object_id": "33",
        "object_repr": "Фара передняя левая for Volkswagen Mustang",
        "action_flag": 2,
        "change_message": "[]"
    }
},
{
    "model": "admin.logentry",
    "pk": 30,
    "fields": {
        "action_time": "2024-11-06T14:31:47.831Z",
        "user": 2,
        "content_type": 20,
        "object_id": "32",
        "object_repr": "Ремень ГРМ for Toyota Mustang",
        "action_flag": 2,
        "change_message": "[{\"changed\": {\"fields\": [\"Image1\"]}}]"
    }
},
{
    "model": "admin.logentry",
    "pk": 31,
    "fields": {
        "action_time": "2024-11-06T14:32:12.180Z",
        "user": 2,
        "content_type": 20,
        "object_id": "31",
        "object_repr": "Сцепление for Nissan Sorento",
        "action_flag": 2,
        "change_message": "[{\"changed\": {\"fields\": [\"Image1\"]}}]"
    }
},
{
    "model": "admin.logentry",
    "pk": 32,
    "fields": {
        "action_time": "2024-11-06T14:32:26.996Z",
        "user": 2,
        "content_type": 20,
        "object_id": "30",
        "object_repr": "Свечи зажигания for Mercedes Civic",
        "action_flag": 2,
        "change_message": "[{\"changed\": {\"fields\": [\"Image1\"]}}]"
    }
},
{
    "model": "admin.logentry",
    "pk": 33,
    "fields": {
        "action_time": "2024-11-06T14:32:40.424Z",
        "user": 2,
        "content_type": 20,
        "object_id": "29",
        "object_repr": "Амортизатор for Toyota Mustang",
        "action_flag": 2,
        "change_message": "[{\"changed\": {\"fields\": [\"Image1\"]}}]"
    }
},
{
    "model": "admin.logentry",
    "pk": 34,
    "fields": {
        "action_time": "2024-11-06T14:32:51.721Z",
        "user": 2,
        "content_type": 20,
        "object_id": "28",
        "object_repr": "Тормозные колодки for Toyota Mustang",
        "action_flag": 2,
        "change_message": "[{\"changed\": {\"fields\": [\"Image1\"]}}]"
    }
},
{
    "model": "admin.logentry",
    "pk": 35,
    "fields": {
        "action_time": "2024-11-06T14:33:05.412Z",
        "user": 2,
        "content_type": 20,
        "object_id": "27",
        "object_repr": "Фильтр воздушный for Toyota Mustang",
        "action_flag": 2,
        "change_message": "[{\"changed\": {\"fields\": [\"Image1\"]}}]"
    }
},
{
    "model": "admin.logentry",
    "pk": 36,
    "fields": {
        "action_time": "2024-11-06T14:34:11.863Z",
        "user": 2,
        "content_type": 20,
        "object_id": "35",
        "object_repr": "Зеркало боковое левое for Mercedes X5",
        "action_flag": 2,
        "change_message": "[{\"changed\": {\"fields\": [\"Image1\"]}}]"
    }
},
{
    "model": "admin.logentry",
    "pk": 37,
    "fields": {
        "action_time": "2024-11-06T14:34:37.169Z",
        "user": 2,
        "content_type": 20,
        "object_id": "33",
        "object_repr": "Фара передняя левая for Volkswagen Mustang",
        "action_flag": 2,
        "change_message": "[{\"changed\": {\"fields\": [\"Image1\"]}}]"
    }
},
{
    "model": "admin.logentry",
    "pk": 38,
    "fields": {
        "action_time": "2024-11-06T14:34:58.508Z",
        "user": 2,
        "content_type": 20,
        "object_id": "41",
        "object_repr": "Фильтр салона for Toyota Mustang",
        "action_flag": 2,
        "change_message": "[{\"changed\": {\"fields\": [\"Image1\"]}}]"
    }
},
{
    "model": "auth.permission",
    "pk": 1,
    "fields": {
        "name": "Can add log entry",
        "content_type": 1,
        "codename": "add_logentry"
    }
},
{
    "model": "auth.permission",
    "pk": 2,
    "fields": {
        "name": "Can change log entry",
        "content_type": 1,
        "codename": "change_logentry"
    }
},
{
    "model": "auth.permission",
    "pk": 3,
    "fields": {
        "name": "Can delete log entry",
        "content_type": 1,
        "codename": "delete_logentry"
    }
},
{
    "model": "auth.permission",
    "pk": 4,
    "fields": {
        "name": "Can view log entry",
        "content_type": 1,
        "codename": "view_logentry"
    }
},
{
    "model": "auth.permission",
    "pk": 5,
    "fields": {
        "name": "Can add permission",
        "content_type": 2,
        "codename": "add_permission"
    }
},
{
    "model": "auth.permission",
    "pk": 6,
    "fields": {
        "name": "Can change permission",
        "content_type": 2,
        "codename": "change_permission"
    }
},
{
    "model": "auth.permission",
    "pk": 7,
    "fields": {
        "name": "Can delete permission",
        "content_type": 2,
        "codename": "delete_permission"
    }
},
{
    "model": "auth.permission",
    "pk": 8,
    "fields": {
        "name": "Can view permission",
        "content_type": 2,
        "codename": "view_permission"
    }
},
{
    "model": "auth.permission",
    "pk": 9,
    "fields": {
        "name": "Can add group",
        "content_type": 3,
        "codename": "add_group"
    }
},
{
    "model": "auth.permission",
    "pk": 10,
    "fields": {
        "name": "Can change group",
        "content_type": 3,
        "codename": "change_group"
    }
},
{
    "model": "auth.permission",
    "pk": 11,
    "fields": {
        "name": "Can delete group",
        "content_type": 3,
        "codename": "delete_group"
    }
},
{
    "model": "auth.permission",
    "pk": 12,
    "fields": {
        "name": "Can view group",
        "content_type": 3,
        "codename": "view_group"
    }
},
{
    "model": "auth.permission",
    "pk": 13,
    "fields": {
        "name": "Can add content type",
        "content_type": 4,
        "codename": "add_contenttype"
    }
},
{
    "model": "auth.permission",
    "pk": 14,
    "fields": {
        "name": "Can change content type",
        "content_type": 4,
        "codename": "change_contenttype"
    }
},
{
    "model": "auth.permission",
    "pk": 15,
    "fields": {
        "name": "Can delete content type",
        "content_type": 4,
        "codename": "delete_contenttype"
    }
},
{
    "model": "auth.permission",
    "pk": 16,
    "fields": {
        "name": "Can view content type",
        "content_type": 4,
        "codename": "view_contenttype"
    }
},
{
    "model": "auth.permission",
    "pk": 17,
    "fields": {
        "name": "Can add session",
        "content_type": 5,
        "codename": "add_session"
    }
},
{
    "model": "auth.permission",
    "pk": 18,
    "fields": {
        "name": "Can change session",
        "content_type": 5,
        "codename": "change_session"
    }
},
{
    "model": "auth.permission",
    "pk": 19,
    "fields": {
        "name": "Can delete session",
        "content_type": 5,
        "codename": "delete_session"
    }
},
{
    "model": "auth.permission",
    "pk": 20,
    "fields": {
        "name": "Can view session",
        "content_type": 5,
        "codename": "view_session"
    }
},
{
    "model": "auth.permission",
    "pk": 21,
    "fields": {
        "name": "Can add Марка машины",
        "content_type": 6,
        "codename": "add_carbrand"
    }
},
{
    "model": "auth.permission",
    "pk": 22,
    "fields": {
        "name": "Can change Марка машины",
        "content_type": 6,
        "codename": "change_carbrand"
    }
},
{
    "model": "auth.permission",
    "pk": 23,
    "fields": {
        "name": "Can delete Марка машины",
        "content_type": 6,
        "codename": "delete_carbrand"
    }
},
{
    "model": "auth.permission",
    "pk": 24,
    "fields": {
        "name": "Can view Марка машины",
        "content_type": 6,
        "codename": "view_carbrand"
    }
},
{
    "model": "auth.permission",
    "pk": 25,
    "fields": {
        "name": "Can add Категория детали",
        "content_type": 7,
        "codename": "add_category"
    }
},
{
    "model": "auth.permission",
    "pk": 26,
    "fields": {
        "name": "Can change Категория детали",
        "content_type": 7,
        "codename": "change_category"
    }
},
{
    "model": "auth.permission",
    "pk": 27,
    "fields": {
        "name": "Can delete Категория детали",
        "content_type": 7,
        "codename": "delete_category"
    }
},
{
    "model": "auth.permission",
    "pk": 28,
    "fields": {
        "name": "Can view Категория детали",
        "content_type": 7,
        "codename": "view_category"
    }
},
{
    "model": "auth.permission",
    "pk": 29,
    "fields": {
        "name": "Can add Страна",
        "content_type": 8,
        "codename": "add_country"
    }
},
{
    "model": "auth.permission",
    "pk": 30,
    "fields": {
        "name": "Can change Страна",
        "content_type": 8,
        "codename": "change_country"
    }
},
{
    "model": "auth.permission",
    "pk": 31,
    "fields": {
        "name": "Can delete Страна",
        "content_type": 8,
        "codename": "delete_country"
    }
},
{
    "model": "auth.permission",
    "pk": 32,
    "fields": {
        "name": "Can view Страна",
        "content_type": 8,
        "codename": "view_country"
    }
},
{
    "model": "auth.permission",
    "pk": 33,
    "fields": {
        "name": "Can add Двигатель",
        "content_type": 9,
        "codename": "add_engine"
    }
},
{
    "model": "auth.permission",
    "pk": 34,
    "fields": {
        "name": "Can change Двигатель",
        "content_type": 9,
        "codename": "change_engine"
    }
},
{
    "model": "auth.permission",
    "pk": 35,
    "fields": {
        "name": "Can delete Двигатель",
        "content_type": 9,
        "codename": "delete_engine"
    }
},
{
    "model": "auth.permission",
    "pk": 36,
    "fields": {
        "name": "Can view Двигатель",
        "content_type": 9,
        "codename": "view_engine"
    }
},
{
    "model": "auth.permission",
    "pk": 37,
    "fields": {
        "name": "Can add Модель машины",
        "content_type": 10,
        "codename": "add_carmodel"
    }
},
{
    "model": "auth.permission",
    "pk": 38,
    "fields": {
        "name": "Can change Модель машины",
        "content_type": 10,
        "codename": "change_carmodel"
    }
},
{
    "model": "auth.permission",
    "pk": 39,
    "fields": {
        "name": "Can delete Модель машины",
        "content_type": 10,
        "codename": "delete_carmodel"
    }
},
{
    "model": "auth.permission",
    "pk": 40,
    "fields": {
        "name": "Can view Модель машины",
        "content_type": 10,
        "codename": "view_carmodel"
    }
},
{
    "model": "auth.permission",
    "pk": 41,
    "fields": {
        "name": "Can add Тип транспорта",
        "content_type": 11,
        "codename": "add_vehicleinfo"
    }
},
{
    "model": "auth.permission",
    "pk": 42,
    "fields": {
        "name": "Can change Тип транспорта",
        "content_type": 11,
        "codename": "change_vehicleinfo"
    }
},
{
    "model": "auth.permission",
    "pk": 43,
    "fields": {
        "name": "Can delete Тип транспорта",
        "content_type": 11,
        "codename": "delete_vehicleinfo"
    }
},
{
    "model": "auth.permission",
    "pk": 44,
    "fields": {
        "name": "Can view Тип транспорта",
        "content_type": 11,
        "codename": "view_vehicleinfo"
    }
},
{
    "model": "auth.permission",
    "pk": 45,
    "fields": {
        "name": "Can add История цены",
        "content_type": 12,
        "codename": "add_pricehistory"
    }
},
{
    "model": "auth.permission",
    "pk": 46,
    "fields": {
        "name": "Can change История цены",
        "content_type": 12,
        "codename": "change_pricehistory"
    }
},
{
    "model": "auth.permission",
    "pk": 47,
    "fields": {
        "name": "Can delete История цены",
        "content_type": 12,
        "codename": "delete_pricehistory"
    }
},
{
    "model": "auth.permission",
    "pk": 48,
    "fields": {
        "name": "Can view История цены",
        "content_type": 12,
        "codename": "view_pricehistory"
    }
},
{
    "model": "auth.permission",
    "pk": 49,
    "fields": {
        "name": "Can add Отзыв",
        "content_type": 13,
        "codename": "add_review"
    }
},
{
    "model": "auth.permission",
    "pk": 50,
    "fields": {
        "name": "Can change Отзыв",
        "content_type": 13,
        "codename": "change_review"
    }
},
{
    "model": "auth.permission",
    "pk": 51,
    "fields": {
        "name": "Can delete Отзыв",
        "content_type": 13,
        "codename": "delete_review"
    }
},
{
    "model": "auth.permission",
    "pk": 52,
    "fields": {
        "name": "Can view Отзыв",
        "content_type": 13,
        "codename": "view_review"
    }
},
{
    "model": "auth.permission",
    "pk": 53,
    "fields": {
        "name": "Can add Новость",
        "content_type": 14,
        "codename": "add_news"
    }
},
{
    "model": "auth.permission",
    "pk": 54,
    "fields": {
        "name": "Can change Новость",
        "content_type": 14,
        "codename": "change_news"
    }
},
{
    "model": "auth.permission",
    "pk": 55,
    "fields": {
        "name": "Can delete Новость",
        "content_type": 14,
        "codename": "delete_news"
    }
},
{
    "model": "auth.permission",
    "pk": 56,
    "fields": {
        "name": "Can view Новость",
        "content_type": 14,
        "codename": "view_news"
    }
},
{
    "model": "auth.permission",
    "pk": 57,
    "fields": {
        "name": "Can add Избранное",
        "content_type": 15,
        "codename": "add_favorite"
    }
},
{
    "model": "auth.permission",
    "pk": 58,
    "fields": {
        "name": "Can change Избранное",
        "content_type": 15,
        "codename": "change_favorite"
    }
},
{
    "model": "auth.permission",
    "pk": 59,
    "fields": {
        "name": "Can delete Избранное",
        "content_type": 15,
        "codename": "delete_favorite"
    }
},
{
    "model": "auth.permission",
    "pk": 60,
    "fields": {
        "name": "Can view Избранное",
        "content_type": 15,
        "codename": "view_favorite"
    }
},
{
    "model": "auth.permission",
    "pk": 61,
    "fields": {
        "name": "Can add user",
        "content_type": 16,
        "codename": "add_user"
    }
},
{
    "model": "auth.permission",
    "pk": 62,
    "fields": {
        "name": "Can change user",
        "content_type": 16,
        "codename": "change_user"
    }
},
{
    "model": "auth.permission",
    "pk": 63,
    "fields": {
        "name": "Can delete user",
        "content_type": 16,
        "codename": "delete_user"
    }
},
{
    "model": "auth.permission",
    "pk": 64,
    "fields": {
        "name": "Can view user",
        "content_type": 16,
        "codename": "view_user"
    }
},
{
    "model": "auth.permission",
    "pk": 65,
    "fields": {
        "name": "Can add Товар в корзине",
        "content_type": 17,
        "codename": "add_cart"
    }
},
{
    "model": "auth.permission",
    "pk": 66,
    "fields": {
        "name": "Can change Товар в корзине",
        "content_type": 17,
        "codename": "change_cart"
    }
},
{
    "model": "auth.permission",
    "pk": 67,
    "fields": {
        "name": "Can delete Товар в корзине",
        "content_type": 17,
        "codename": "delete_cart"
    }
},
{
    "model": "auth.permission",
    "pk": 68,
    "fields": {
        "name": "Can view Товар в корзине",
        "content_type": 17,
        "codename": "view_cart"
    }
},
{
    "model": "auth.permission",
    "pk": 69,
    "fields": {
        "name": "Can add Заказ оформления",
        "content_type": 18,
        "codename": "add_order"
    }
},
{
    "model": "auth.permission",
    "pk": 70,
    "fields": {
        "name": "Can change Заказ оформления",
        "content_type": 18,
        "codename": "change_order"
    }
},
{
    "model": "auth.permission",
    "pk": 71,
    "fields": {
        "name": "Can delete Заказ оформления",
        "content_type": 18,
        "codename": "delete_order"
    }
},
{
    "model": "auth.permission",
    "pk": 72,
    "fields": {
        "name": "Can view Заказ оформления",
        "content_type": 18,
        "codename": "view_order"
    }
},
{
    "model": "auth.permission",
    "pk": 73,
    "fields": {
        "name": "Can add Проданный товар",
        "content_type": 19,
        "codename": "add_orderpart"
    }
},
{
    "model": "auth.permission",
    "pk": 74,
    "fields": {
        "name": "Can change Проданный товар",
        "content_type": 19,
        "codename": "change_orderpart"
    }
},
{
    "model": "auth.permission",
    "pk": 75,
    "fields": {
        "name": "Can delete Проданный товар",
        "content_type": 19,
        "codename": "delete_orderpart"
    }
},
{
    "model": "auth.permission",
    "pk": 76,
    "fields": {
        "name": "Can view Проданный товар",
        "content_type": 19,
        "codename": "view_orderpart"
    }
},
{
    "model": "auth.permission",
    "pk": 77,
    "fields": {
        "name": "Can add Запчасть",
        "content_type": 20,
        "codename": "add_part"
    }
},
{
    "model": "auth.permission",
    "pk": 78,
    "fields": {
        "name": "Can change Запчасть",
        "content_type": 20,
        "codename": "change_part"
    }
},
{
    "model": "auth.permission",
    "pk": 79,
    "fields": {
        "name": "Can delete Запчасть",
        "content_type": 20,
        "codename": "delete_part"
    }
},
{
    "model": "auth.permission",
    "pk": 80,
    "fields": {
        "name": "Can view Запчасть",
        "content_type": 20,
        "codename": "view_part"
    }
},
{
    "model": "auth.permission",
    "pk": 81,
    "fields": {
        "name": "Can add contact request",
        "content_type": 21,
        "codename": "add_contactrequest"
    }
},
{
    "model": "auth.permission",
    "pk": 82,
    "fields": {
        "name": "Can change contact request",
        "content_type": 21,
        "codename": "change_contactrequest"
    }
},
{
    "model": "auth.permission",
    "pk": 83,
    "fields": {
        "name": "Can delete contact request",
        "content_type": 21,
        "codename": "delete_contactrequest"
    }
},
{
    "model": "auth.permission",
    "pk": 84,
    "fields": {
        "name": "Can view contact request",
        "content_type": 21,
        "codename": "view_contactrequest"
    }
},
{
    "model": "auth.permission",
    "pk": 85,
    "fields": {
        "name": "Can add Избранное",
        "content_type": 22,
        "codename": "add_favorite"
    }
},
{
    "model": "auth.permission",
    "pk": 86,
    "fields": {
        "name": "Can change Избранное",
        "content_type": 22,
        "codename": "change_favorite"
    }
},
{
    "model": "auth.permission",
    "pk": 87,
    "fields": {
        "name": "Can delete Избранное",
        "content_type": 22,
        "codename": "delete_favorite"
    }
},
{
    "model": "auth.permission",
    "pk": 88,
    "fields": {
        "name": "Can view Избранное",
        "content_type": 22,
        "codename": "view_favorite"
    }
},
{
    "model": "contenttypes.contenttype",
    "pk": 1,
    "fields": {
        "app_label": "admin",
        "model": "logentry"
    }
},
{
    "model": "contenttypes.contenttype",
    "pk": 2,
    "fields": {
        "app_label": "auth",
        "model": "permission"
    }
},
{
    "model": "contenttypes.contenttype",
    "pk": 3,
    "fields": {
        "app_label": "auth",
        "model": "group"
    }
},
{
    "model": "contenttypes.contenttype",
    "pk": 4,
    "fields": {
        "app_label": "contenttypes",
        "model": "contenttype"
    }
},
{
    "model": "contenttypes.contenttype",
    "pk": 5,
    "fields": {
        "app_label": "sessions",
        "model": "session"
    }
},
{
    "model": "contenttypes.contenttype",
    "pk": 6,
    "fields": {
        "app_label": "webapp",
        "model": "carbrand"
    }
},
{
    "model": "contenttypes.contenttype",
    "pk": 7,
    "fields": {
        "app_label": "webapp",
        "model": "category"
    }
},
{
    "model": "contenttypes.contenttype",
    "pk": 8,
    "fields": {
        "app_label": "webapp",
        "model": "country"
    }
},
{
    "model": "contenttypes.contenttype",
    "pk": 9,
    "fields": {
        "app_label": "webapp",
        "model": "engine"
    }
},
{
    "model": "contenttypes.contenttype",
    "pk": 10,
    "fields": {
        "app_label": "webapp",
        "model": "carmodel"
    }
},
{
    "model": "contenttypes.contenttype",
    "pk": 11,
    "fields": {
        "app_label": "webapp",
        "model": "vehicleinfo"
    }
},
{
    "model": "contenttypes.contenttype",
    "pk": 12,
    "fields": {
        "app_label": "webapp",
        "model": "pricehistory"
    }
},
{
    "model": "contenttypes.contenttype",
    "pk": 13,
    "fields": {
        "app_label": "webapp",
        "model": "review"
    }
},
{
    "model": "contenttypes.contenttype",
    "pk": 14,
    "fields": {
        "app_label": "webapp",
        "model": "news"
    }
},
{
    "model": "contenttypes.contenttype",
    "pk": 15,
    "fields": {
        "app_label": "webapp",
        "model": "favorite"
    }
},
{
    "model": "contenttypes.contenttype",
    "pk": 16,
    "fields": {
        "app_label": "accounts",
        "model": "user"
    }
},
{
    "model": "contenttypes.contenttype",
    "pk": 17,
    "fields": {
        "app_label": "carts",
        "model": "cart"
    }
},
{
    "model": "contenttypes.contenttype",
    "pk": 18,
    "fields": {
        "app_label": "orders",
        "model": "order"
    }
},
{
    "model": "contenttypes.contenttype",
    "pk": 19,
    "fields": {
        "app_label": "orders",
        "model": "orderpart"
    }
},
{
    "model": "contenttypes.contenttype",
    "pk": 20,
    "fields": {
        "app_label": "part",
        "model": "part"
    }
},
{
    "model": "contenttypes.contenttype",
    "pk": 21,
    "fields": {
        "app_label": "contacts",
        "model": "contactrequest"
    }
},
{
    "model": "contenttypes.contenttype",
    "pk": 22,
    "fields": {
        "app_label": "favorite",
        "model": "favorite"
    }
},
{
    "model": "sessions.session",
    "pk": "f7amp7mhjw8rihivgbjxzjr7ijnkq76z",
    "fields": {
        "session_data": ".eJxVjDkOwjAUBe_iGll24pWSnjNYf3FwANlSnFSIu0OkFNC-mXkvkWBbS9p6XtLM4iy0OP1uCPTIdQd8h3prklpdlxnlrsiDdnltnJ-Xw_07KNDLt44xoo3BR3Z5mCiowVBgw4ompy0QY9Co3OgscbY-II2YwarRWK9NAPH-AOSYN-M:1t5NLR:yfOU2trwRN5FLayfO_0mVjyrUWwHZWvPq2_HmHryMTk",
        "expire_date": "2024-11-11T10:51:33.891Z"
    }
},
{
    "model": "sessions.session",
    "pk": "n1unft0b1ws4c4esz7tch8gyhyxcr52i",
    "fields": {
        "session_data": ".eJxVjDsOwjAQBe_iGlmO4y8lPWewvN5dHECOFCcV4u4QKQW0b2beS6S8rTVtnZY0oTgLLU6_G-TyoLYDvOd2m2WZ27pMIHdFHrTL64z0vBzu30HNvX7rwXLx5D3lEpj06CCo6C3Z4oERR6NicE7Z4iwENoBmiGws6xDRgGbx_gD0Gjgq:1t8gop:VKiPZYbdko4fF6J2_Fcxvh-jBSU9RcUDFKUh4s173lQ",
        "expire_date": "2024-11-20T14:15:35.174Z"
    }
},
{
    "model": "webapp.carbrand",
    "pk": 1,
    "fields": {
        "name": "Toyota",
        "description": "Описание для Toyota"
    }
},
{
    "model": "webapp.carbrand",
    "pk": 2,
    "fields": {
        "name": "Ford",
        "description": "Описание для Ford"
    }
},
{
    "model": "webapp.carbrand",
    "pk": 3,
    "fields": {
        "name": "Volkswagen",
        "description": "Описание для Volkswagen"
    }
},
{
    "model": "webapp.carbrand",
    "pk": 4,
    "fields": {
        "name": "Honda",
        "description": "Описание для Honda"
    }
},
{
    "model": "webapp.carbrand",
    "pk": 5,
    "fields": {
        "name": "BMW",
        "description": "Описание для BMW"
    }
},
{
    "model": "webapp.carbrand",
    "pk": 6,
    "fields": {
        "name": "Mercedes",
        "description": "Описание для Mercedes"
    }
},
{
    "model": "webapp.carbrand",
    "pk": 7,
    "fields": {
        "name": "Chevrolet",
        "description": "Описание для Chevrolet"
    }
},
{
    "model": "webapp.carbrand",
    "pk": 8,
    "fields": {
        "name": "Nissan",
        "description": "Описание для Nissan"
    }
},
{
    "model": "webapp.carbrand",
    "pk": 9,
    "fields": {
        "name": "Hyundai",
        "description": "Описание для Hyundai"
    }
},
{
    "model": "webapp.carbrand",
    "pk": 10,
    "fields": {
        "name": "Kia",
        "description": "Описание для Kia"
    }
},
{
    "model": "webapp.carmodel",
    "pk": 1,
    "fields": {
        "name": "Altima",
        "brand": 9,
        "year_of_manufacture": 2000
    }
},
{
    "model": "webapp.carmodel",
    "pk": 2,
    "fields": {
        "name": "Sorento",
        "brand": 10,
        "year_of_manufacture": 2004
    }
},
{
    "model": "webapp.carmodel",
    "pk": 3,
    "fields": {
        "name": "Mustang",
        "brand": 1,
        "year_of_manufacture": 2009
    }
},
{
    "model": "webapp.carmodel",
    "pk": 4,
    "fields": {
        "name": "Sorento",
        "brand": 6,
        "year_of_manufacture": 2008
    }
},
{
    "model": "webapp.carmodel",
    "pk": 5,
    "fields": {
        "name": "Civic",
        "brand": 6,
        "year_of_manufacture": 2016
    }
},
{
    "model": "webapp.carmodel",
    "pk": 6,
    "fields": {
        "name": "Elantra",
        "brand": 8,
        "year_of_manufacture": 1999
    }
},
{
    "model": "webapp.carmodel",
    "pk": 7,
    "fields": {
        "name": "Sorento",
        "brand": 9,
        "year_of_manufacture": 2022
    }
},
{
    "model": "webapp.carmodel",
    "pk": 8,
    "fields": {
        "name": "Mustang",
        "brand": 3,
        "year_of_manufacture": 2020
    }
},
{
    "model": "webapp.carmodel",
    "pk": 9,
    "fields": {
        "name": "Sorento",
        "brand": 7,
        "year_of_manufacture": 2018
    }
},
{
    "model": "webapp.carmodel",
    "pk": 10,
    "fields": {
        "name": "Elantra",
        "brand": 7,
        "year_of_manufacture": 2010
    }
},
{
    "model": "webapp.carmodel",
    "pk": 11,
    "fields": {
        "name": "Altima",
        "brand": 9,
        "year_of_manufacture": 2013
    }
},
{
    "model": "webapp.carmodel",
    "pk": 12,
    "fields": {
        "name": "Sorento",
        "brand": 9,
        "year_of_manufacture": 2023
    }
},
{
    "model": "webapp.carmodel",
    "pk": 13,
    "fields": {
        "name": "Altima",
        "brand": 8,
        "year_of_manufacture": 2014
    }
},
{
    "model": "webapp.carmodel",
    "pk": 14,
    "fields": {
        "name": "Sorento",
        "brand": 8,
        "year_of_manufacture": 2014
    }
},
{
    "model": "webapp.carmodel",
    "pk": 15,
    "fields": {
        "name": "Civic",
        "brand": 7,
        "year_of_manufacture": 2010
    }
},
{
    "model": "webapp.carmodel",
    "pk": 16,
    "fields": {
        "name": "Corolla",
        "brand": 6,
        "year_of_manufacture": 2020
    }
},
{
    "model": "webapp.carmodel",
    "pk": 17,
    "fields": {
        "name": "X5",
        "brand": 6,
        "year_of_manufacture": 2005
    }
},
{
    "model": "webapp.carmodel",
    "pk": 18,
    "fields": {
        "name": "Mustang",
        "brand": 1,
        "year_of_manufacture": 2012
    }
},
{
    "model": "webapp.carmodel",
    "pk": 19,
    "fields": {
        "name": "Accord",
        "brand": 4,
        "year_of_manufacture": 2011
    }
},
{
    "model": "webapp.carmodel",
    "pk": 20,
    "fields": {
        "name": "Corolla",
        "brand": 8,
        "year_of_manufacture": 2009
    }
},
{
    "model": "webapp.engine",
    "pk": 1,
    "fields": {
        "engine_type": "hybrid",
        "displacement": "1.91",
        "horsepower": 179,
        "torque": 767
    }
},
{
    "model": "webapp.engine",
    "pk": 2,
    "fields": {
        "engine_type": "diesel",
        "displacement": "3.47",
        "horsepower": 128,
        "torque": 735
    }
},
{
    "model": "webapp.engine",
    "pk": 3,
    "fields": {
        "engine_type": "diesel",
        "displacement": "1.99",
        "horsepower": 288,
        "torque": 553
    }
},
{
    "model": "webapp.engine",
    "pk": 4,
    "fields": {
        "engine_type": "hybrid",
        "displacement": "5.99",
        "horsepower": 310,
        "torque": 681
    }
},
{
    "model": "webapp.engine",
    "pk": 5,
    "fields": {
        "engine_type": "hybrid",
        "displacement": "4.50",
        "horsepower": 415,
        "torque": 553
    }
},
{
    "model": "webapp.engine",
    "pk": 6,
    "fields": {
        "engine_type": "gasoline",
        "displacement": "4.60",
        "horsepower": 369,
        "torque": 416
    }
},
{
    "model": "webapp.engine",
    "pk": 7,
    "fields": {
        "engine_type": "electric",
        "displacement": "1.12",
        "horsepower": 339,
        "torque": 328
    }
},
{
    "model": "webapp.engine",
    "pk": 8,
    "fields": {
        "engine_type": "electric",
        "displacement": "3.02",
        "horsepower": 113,
        "torque": 152
    }
},
{
    "model": "webapp.engine",
    "pk": 9,
    "fields": {
        "engine_type": "hybrid",
        "displacement": "5.29",
        "horsepower": 306,
        "torque": 640
    }
},
{
    "model": "webapp.engine",
    "pk": 10,
    "fields": {
        "engine_type": "diesel",
        "displacement": "3.87",
        "horsepower": 335,
        "torque": 593
    }
},
{
    "model": "webapp.engine",
    "pk": 11,
    "fields": {
        "engine_type": "gasoline",
        "displacement": "1.51",
        "horsepower": 102,
        "torque": 313
    }
},
{
    "model": "webapp.engine",
    "pk": 12,
    "fields": {
        "engine_type": "gasoline",
        "displacement": "3.05",
        "horsepower": 390,
        "torque": 354
    }
},
{
    "model": "webapp.engine",
    "pk": 13,
    "fields": {
        "engine_type": "electric",
        "displacement": "2.72",
        "horsepower": 373,
        "torque": 764
    }
},
{
    "model": "webapp.engine",
    "pk": 14,
    "fields": {
        "engine_type": "hybrid",
        "displacement": "1.35",
        "horsepower": 350,
        "torque": 678
    }
},
{
    "model": "webapp.engine",
    "pk": 15,
    "fields": {
        "engine_type": "diesel",
        "displacement": "1.47",
        "horsepower": 399,
        "torque": 725
    }
},
{
    "model": "webapp.engine",
    "pk": 16,
    "fields": {
        "engine_type": "diesel",
        "displacement": "4.89",
        "horsepower": 305,
        "torque": 650
    }
},
{
    "model": "webapp.engine",
    "pk": 17,
    "fields": {
        "engine_type": "gasoline",
        "displacement": "3.84",
        "horsepower": 479,
        "torque": 676
    }
},
{
    "model": "webapp.engine",
    "pk": 18,
    "fields": {
        "engine_type": "gasoline",
        "displacement": "1.45",
        "horsepower": 139,
        "torque": 764
    }
},
{
    "model": "webapp.engine",
    "pk": 19,
    "fields": {
        "engine_type": "hybrid",
        "displacement": "2.20",
        "horsepower": 210,
        "torque": 770
    }
},
{
    "model": "webapp.engine",
    "pk": 20,
    "fields": {
        "engine_type": "gasoline",
        "displacement": "6.35",
        "horsepower": 244,
        "torque": 123
    }
},
{
    "model": "webapp.country",
    "pk": 1,
    "fields": {
        "name": "США"
    }
},
{
    "model": "webapp.country",
    "pk": 2,
    "fields": {
        "name": "Япония"
    }
},
{
    "model": "webapp.country",
    "pk": 3,
    "fields": {
        "name": "Германия"
    }
},
{
    "model": "webapp.country",
    "pk": 4,
    "fields": {
        "name": "Южная Корея"
    }
},
{
    "model": "webapp.country",
    "pk": 5,
    "fields": {
        "name": "Китай"
    }
},
{
    "model": "webapp.country",
    "pk": 6,
    "fields": {
        "name": "Россия"
    }
},
{
    "model": "webapp.country",
    "pk": 7,
    "fields": {
        "name": "Франция"
    }
},
{
    "model": "webapp.country",
    "pk": 8,
    "fields": {
        "name": "Италия"
    }
},
{
    "model": "webapp.country",
    "pk": 9,
    "fields": {
        "name": "Канада"
    }
},
{
    "model": "webapp.country",
    "pk": 10,
    "fields": {
        "name": "Мексика"
    }
},
{
    "model": "webapp.vehicleinfo",
    "pk": 1,
    "fields": {
        "vehicle_type": "passenger",
        "model": 15,
        "year_of_manufacture": 2010,
        "body_type": "внедорожник",
        "engine": 6,
        "countries": [
            3
        ]
    }
},
{
    "model": "webapp.vehicleinfo",
    "pk": 2,
    "fields": {
        "vehicle_type": "engine",
        "model": 12,
        "year_of_manufacture": 2018,
        "body_type": "внедорожник",
        "engine": 12,
        "countries": [
            8,
            6
        ]
    }
},
{
    "model": "webapp.vehicleinfo",
    "pk": 3,
    "fields": {
        "vehicle_type": "bus",
        "model": 18,
        "year_of_manufacture": 2003,
        "body_type": "седан",
        "engine": 15,
        "countries": [
            10,
            4
        ]
    }
},
{
    "model": "webapp.vehicleinfo",
    "pk": 4,
    "fields": {
        "vehicle_type": "engine",
        "model": 7,
        "year_of_manufacture": 2000,
        "body_type": "седан",
        "engine": 20,
        "countries": [
            7
        ]
    }
},
{
    "model": "webapp.vehicleinfo",
    "pk": 5,
    "fields": {
        "vehicle_type": "bus",
        "model": 6,
        "year_of_manufacture": 2020,
        "body_type": "хэтчбек",
        "engine": 18,
        "countries": [
            8
        ]
    }
},
{
    "model": "webapp.vehicleinfo",
    "pk": 6,
    "fields": {
        "vehicle_type": "bicycle",
        "model": 18,
        "year_of_manufacture": 2008,
        "body_type": "внедорожник",
        "engine": 18,
        "countries": [
            8,
            5
        ]
    }
},
{
    "model": "webapp.vehicleinfo",
    "pk": 7,
    "fields": {
        "vehicle_type": "special",
        "model": 5,
        "year_of_manufacture": 2018,
        "body_type": "купе",
        "engine": 9,
        "countries": [
            1,
            5,
            7
        ]
    }
},
{
    "model": "webapp.vehicleinfo",
    "pk": 8,
    "fields": {
        "vehicle_type": "railroad",
        "model": 12,
        "year_of_manufacture": 2014,
        "body_type": "купе",
        "engine": 13,
        "countries": [
            5
        ]
    }
},
{
    "model": "webapp.vehicleinfo",
    "pk": 9,
    "fields": {
        "vehicle_type": "bus",
        "model": 13,
        "year_of_manufacture": 2000,
        "body_type": "универсал",
        "engine": 11,
        "countries": [
            8
        ]
    }
},
{
    "model": "webapp.vehicleinfo",
    "pk": 10,
    "fields": {
        "vehicle_type": "special",
        "model": 14,
        "year_of_manufacture": 2017,
        "body_type": "седан",
        "engine": 16,
        "countries": [
            8,
            1
        ]
    }
},
{
    "model": "webapp.vehicleinfo",
    "pk": 11,
    "fields": {
        "vehicle_type": "bus",
        "model": 18,
        "year_of_manufacture": 2014,
        "body_type": "внедорожник",
        "engine": 9,
        "countries": [
            8,
            1
        ]
    }
},
{
    "model": "webapp.vehicleinfo",
    "pk": 12,
    "fields": {
        "vehicle_type": "bicycle",
        "model": 9,
        "year_of_manufacture": 2004,
        "body_type": "хэтчбек",
        "engine": 9,
        "countries": [
            4
        ]
    }
},
{
    "model": "webapp.vehicleinfo",
    "pk": 13,
    "fields": {
        "vehicle_type": "railroad",
        "model": 18,
        "year_of_manufacture": 2016,
        "body_type": "седан",
        "engine": 15,
        "countries": [
            1
        ]
    }
},
{
    "model": "webapp.vehicleinfo",
    "pk": 14,
    "fields": {
        "vehicle_type": "engine",
        "model": 10,
        "year_of_manufacture": 2006,
        "body_type": "внедорожник",
        "engine": 17,
        "countries": [
            8,
            4
        ]
    }
},
{
    "model": "webapp.vehicleinfo",
    "pk": 15,
    "fields": {
        "vehicle_type": "engine",
        "model": 8,
        "year_of_manufacture": 2018,
        "body_type": "универсал",
        "engine": 2,
        "countries": [
            1,
            6
        ]
    }
},
{
    "model": "webapp.vehicleinfo",
    "pk": 16,
    "fields": {
        "vehicle_type": "truck",
        "model": 1,
        "year_of_manufacture": 2017,
        "body_type": "седан",
        "engine": 20,
        "countries": [
            3
        ]
    }
},
{
    "model": "webapp.vehicleinfo",
    "pk": 17,
    "fields": {
        "vehicle_type": "bicycle",
        "model": 18,
        "year_of_manufacture": 2018,
        "body_type": "седан",
        "engine": 20,
        "countries": [
            1,
            10,
            5
        ]
    }
},
{
    "model": "webapp.vehicleinfo",
    "pk": 18,
    "fields": {
        "vehicle_type": "bus",
        "model": 17,
        "year_of_manufacture": 2016,
        "body_type": "универсал",
        "engine": 4,
        "countries": [
            4,
            7
        ]
    }
},
{
    "model": "webapp.vehicleinfo",
    "pk": 19,
    "fields": {
        "vehicle_type": "passenger",
        "model": 14,
        "year_of_manufacture": 2015,
        "body_type": "хэтчбек",
        "engine": 19,
        "countries": [
            8,
            2
        ]
    }
},
{
    "model": "webapp.vehicleinfo",
    "pk": 20,
    "fields": {
        "vehicle_type": "bicycle",
        "model": 3,
        "year_of_manufacture": 2018,
        "body_type": "купе",
        "engine": 13,
        "countries": [
            7
        ]
    }
},
{
    "model": "webapp.category",
    "pk": 1,
    "fields": {
        "name": "Двигатель",
        "description": "Описание для Двигатель"
    }
},
{
    "model": "webapp.category",
    "pk": 2,
    "fields": {
        "name": "Трансмиссия",
        "description": "Описание для Трансмиссия"
    }
},
{
    "model": "webapp.category",
    "pk": 3,
    "fields": {
        "name": "Подвеска",
        "description": "Описание для Подвеска"
    }
},
{
    "model": "webapp.category",
    "pk": 4,
    "fields": {
        "name": "Кузовные детали",
        "description": "Описание для Кузовные детали"
    }
},
{
    "model": "webapp.category",
    "pk": 5,
    "fields": {
        "name": "Тормозная система",
        "description": "Описание для Тормозная система"
    }
},
{
    "model": "accounts.user",
    "pk": 2,
    "fields": {
        "password": "pbkdf2_sha256$870000$CpBgWdeoMpJd1Cz7Q9UNKY$6tDlw1kOL2sqTu5vYIGwV4nfmvZeAhJlhck6kPTHayU=",
        "last_login": "2024-11-06T14:15:35.129Z",
        "is_superuser": true,
        "username": "admin",
        "first_name": "",
        "last_name": "",
        "is_staff": true,
        "is_active": true,
        "date_joined": "2024-11-06T14:05:53.785Z",
        "phone_number": "5559744937",
        "email": "admin@gmail.com",
        "groups": [],
        "user_permissions": []
    }
},
{
    "model": "part.part",
    "pk": 27,
    "fields": {
        "category": 5,
        "vehicle_info": 6,
        "name": "Фильтр воздушный",
        "description": "Описание для Фильтр воздушный",
        "amount": 17,
        "video_url": null,
        "image1": "parts/page1.jpg",
        "image2": "",
        "image3": ""
    }
},
{
    "model": "part.part",
    "pk": 28,
    "fields": {
        "category": 3,
        "vehicle_info": 11,
        "name": "Тормозные колодки",
        "description": "Описание для Тормозные колодки",
        "amount": 32,
        "video_url": null,
        "image1": "parts/page2.jpg",
        "image2": "",
        "image3": ""
    }
},
{
    "model": "part.part",
    "pk": 29,
    "fields": {
        "category": 2,
        "vehicle_info": 20,
        "name": "Амортизатор",
        "description": "Описание для Амортизатор",
        "amount": 5,
        "video_url": null,
        "image1": "parts/page3.jpg",
        "image2": "",
        "image3": ""
    }
},
{
    "model": "part.part",
    "pk": 30,
    "fields": {
        "category": 3,
        "vehicle_info": 7,
        "name": "Свечи зажигания",
        "description": "Описание для Свечи зажигания",
        "amount": 48,
        "video_url": null,
        "image1": "parts/page4.jpg",
        "image2": "",
        "image3": ""
    }
},
{
    "model": "part.part",
    "pk": 31,
    "fields": {
        "category": 3,
        "vehicle_info": 10,
        "name": "Сцепление",
        "description": "Описание для Сцепление",
        "amount": 24,
        "video_url": null,
        "image1": "parts/page5.jpg",
        "image2": "",
        "image3": ""
    }
},
{
    "model": "part.part",
    "pk": 32,
    "fields": {
        "category": 5,
        "vehicle_info": 17,
        "name": "Ремень ГРМ",
        "description": "Описание для Ремень ГРМ",
        "amount": 14,
        "video_url": null,
        "image1": "parts/page6.jpg",
        "image2": "",
        "image3": ""
    }
},
{
    "model": "part.part",
    "pk": 33,
    "fields": {
        "category": 1,
        "vehicle_info": 15,
        "name": "Фара передняя левая",
        "description": "Описание для Фара передняя левая",
        "amount": 23,
        "video_url": null,
        "image1": "parts/page7.jpg",
        "image2": "",
        "image3": ""
    }
},
{
    "model": "part.part",
    "pk": 34,
    "fields": {
        "category": 1,
        "vehicle_info": 10,
        "name": "Фара передняя правая",
        "description": "Описание для Фара передняя правая",
        "amount": 3,
        "video_url": null,
        "image1": "parts/page8.jpg",
        "image2": "",
        "image3": ""
    }
},
{
    "model": "part.part",
    "pk": 35,
    "fields": {
        "category": 5,
        "vehicle_info": 18,
        "name": "Зеркало боковое левое",
        "description": "Описание для Зеркало боковое левое",
        "amount": 31,
        "video_url": null,
        "image1": "parts/page9.jpg",
        "image2": "",
        "image3": ""
    }
},
{
    "model": "part.part",
    "pk": 36,
    "fields": {
        "category": 4,
        "vehicle_info": 18,
        "name": "Зеркало боковое правое",
        "description": "Описание для Зеркало боковое правое",
        "amount": 6,
        "video_url": null,
        "image1": "parts/page10.jpg",
        "image2": "",
        "image3": ""
    }
},
{
    "model": "part.part",
    "pk": 37,
    "fields": {
        "category": 1,
        "vehicle_info": 8,
        "name": "Подшипник ступицы",
        "description": "Описание для Подшипник ступицы",
        "amount": 47,
        "video_url": null,
        "image1": "parts/page11.jpg",
        "image2": "",
        "image3": ""
    }
},
{
    "model": "part.part",
    "pk": 38,
    "fields": {
        "category": 1,
        "vehicle_info": 17,
        "name": "Радиатор охлаждения",
        "description": "Описание для Радиатор охлаждения",
        "amount": 1,
        "video_url": null,
        "image1": "parts/page12.jpg",
        "image2": "",
        "image3": ""
    }
},
{
    "model": "part.part",
    "pk": 39,
    "fields": {
        "category": 4,
        "vehicle_info": 9,
        "name": "Термостат",
        "description": "Описание для Термостат",
        "amount": 15,
        "video_url": null,
        "image1": "parts/page13.jpg",
        "image2": "",
        "image3": ""
    }
},
{
    "model": "part.part",
    "pk": 40,
    "fields": {
        "category": 1,
        "vehicle_info": 8,
        "name": "Прокладка ГБЦ",
        "description": "Описание для Прокладка ГБЦ",
        "amount": 39,
        "video_url": null,
        "image1": "parts/page14.jpg",
        "image2": "",
        "image3": ""
    }
},
{
    "model": "part.part",
    "pk": 41,
    "fields": {
        "category": 3,
        "vehicle_info": 11,
        "name": "Фильтр салона",
        "description": "Описание для Фильтр салона",
        "amount": 47,
        "video_url": null,
        "image1": "parts/page15.jpg",
        "image2": "",
        "image3": ""
    }
},
{
    "model": "part.part",
    "pk": 42,
    "fields": {
        "category": 4,
        "vehicle_info": 16,
        "name": "Топливный насос",
        "description": "Описание для Топливный насос",
        "amount": 7,
        "video_url": null,
        "image1": "parts/page16.jpg",
        "image2": "",
        "image3": ""
    }
},
{
    "model": "part.part",
    "pk": 43,
    "fields": {
        "category": 4,
        "vehicle_info": 10,
        "name": "Генератор",
        "description": "Описание для Генератор",
        "amount": 17,
        "video_url": null,
        "image1": "parts/page17.jpg",
        "image2": "",
        "image3": ""
    }
},
{
    "model": "part.part",
    "pk": 44,
    "fields": {
        "category": 3,
        "vehicle_info": 13,
        "name": "Водяной насос",
        "description": "Описание для Водяной насос",
        "amount": 1,
        "video_url": null,
        "image1": "parts/page18.jpg",
        "image2": "",
        "image3": ""
    }
},
{
    "model": "part.part",
    "pk": 45,
    "fields": {
        "category": 1,
        "vehicle_info": 18,
        "name": "Рычаг подвески",
        "description": "Описание для Рычаг подвески",
        "amount": 26,
        "video_url": null,
        "image1": "parts/page19.jpg",
        "image2": "",
        "image3": ""
    }
}
]
