[
{
  "model": "webapp.carbrand",
  "pk": 1,
  "fields": {
    "name": "Toyota",
    "description": "ð×ð┐ð©Ðüð░ð¢ð©ðÁ ð┤ð╗ÐÅ Toyota"
  }
},
{
  "model": "webapp.carbrand",
  "pk": 2,
  "fields": {
    "name": "Ford",
    "description": "ð×ð┐ð©Ðüð░ð¢ð©ðÁ ð┤ð╗ÐÅ Ford"
  }
},
{
  "model": "webapp.carbrand",
  "pk": 3,
  "fields": {
    "name": "Volkswagen",
    "description": "ð×ð┐ð©Ðüð░ð¢ð©ðÁ ð┤ð╗ÐÅ Volkswagen"
  }
},
{
  "model": "webapp.carbrand",
  "pk": 4,
  "fields": {
    "name": "Honda",
    "description": "ð×ð┐ð©Ðüð░ð¢ð©ðÁ ð┤ð╗ÐÅ Honda"
  }
},
{
  "model": "webapp.carbrand",
  "pk": 5,
  "fields": {
    "name": "BMW",
    "description": "ð×ð┐ð©Ðüð░ð¢ð©ðÁ ð┤ð╗ÐÅ BMW"
  }
},
{
  "model": "webapp.carbrand",
  "pk": 6,
  "fields": {
    "name": "Mercedes",
    "description": "ð×ð┐ð©Ðüð░ð¢ð©ðÁ ð┤ð╗ÐÅ Mercedes"
  }
},
{
  "model": "webapp.carbrand",
  "pk": 7,
  "fields": {
    "name": "Chevrolet",
    "description": "ð×ð┐ð©Ðüð░ð¢ð©ðÁ ð┤ð╗ÐÅ Chevrolet"
  }
},
{
  "model": "webapp.carbrand",
  "pk": 8,
  "fields": {
    "name": "Nissan",
    "description": "ð×ð┐ð©Ðüð░ð¢ð©ðÁ ð┤ð╗ÐÅ Nissan"
  }
},
{
  "model": "webapp.carbrand",
  "pk": 9,
  "fields": {
    "name": "Hyundai",
    "description": "ð×ð┐ð©Ðüð░ð¢ð©ðÁ ð┤ð╗ÐÅ Hyundai"
  }
},
{
  "model": "webapp.carbrand",
  "pk": 10,
  "fields": {
    "name": "Kia",
    "description": "ð×ð┐ð©Ðüð░ð¢ð©ðÁ ð┤ð╗ÐÅ Kia"
  }
},
{
  "model": "webapp.carmodel",
  "pk": 1,
  "fields": {
    "name": "Altima",
    "brand": 9,
    "year_of_manufacture": 2000
  }
},
{
  "model": "webapp.carmodel",
  "pk": 2,
  "fields": {
    "name": "Sorento",
    "brand": 10,
    "year_of_manufacture": 2004
  }
},
{
  "model": "webapp.carmodel",
  "pk": 3,
  "fields": {
    "name": "Mustang",
    "brand": 1,
    "year_of_manufacture": 2009
  }
},
{
  "model": "webapp.carmodel",
  "pk": 4,
  "fields": {
    "name": "Sorento",
    "brand": 6,
    "year_of_manufacture": 2008
  }
},
{
  "model": "webapp.carmodel",
  "pk": 5,
  "fields": {
    "name": "Civic",
    "brand": 6,
    "year_of_manufacture": 2016
  }
},
{
  "model": "webapp.carmodel",
  "pk": 6,
  "fields": {
    "name": "Elantra",
    "brand": 8,
    "year_of_manufacture": 1999
  }
},
{
  "model": "webapp.carmodel",
  "pk": 7,
  "fields": {
    "name": "Sorento",
    "brand": 9,
    "year_of_manufacture": 2022
  }
},
{
  "model": "webapp.carmodel",
  "pk": 8,
  "fields": {
    "name": "Mustang",
    "brand": 3,
    "year_of_manufacture": 2020
  }
},
{
  "model": "webapp.carmodel",
  "pk": 9,
  "fields": {
    "name": "Sorento",
    "brand": 7,
    "year_of_manufacture": 2018
  }
},
{
  "model": "webapp.carmodel",
  "pk": 10,
  "fields": {
    "name": "Elantra",
    "brand": 7,
    "year_of_manufacture": 2010
  }
},
{
  "model": "webapp.carmodel",
  "pk": 11,
  "fields": {
    "name": "Altima",
    "brand": 9,
    "year_of_manufacture": 2013
  }
},
{
  "model": "webapp.carmodel",
  "pk": 12,
  "fields": {
    "name": "Sorento",
    "brand": 9,
    "year_of_manufacture": 2023
  }
},
{
  "model": "webapp.carmodel",
  "pk": 13,
  "fields": {
    "name": "Altima",
    "brand": 8,
    "year_of_manufacture": 2014
  }
},
{
  "model": "webapp.carmodel",
  "pk": 14,
  "fields": {
    "name": "Sorento",
    "brand": 8,
    "year_of_manufacture": 2014
  }
},
{
  "model": "webapp.carmodel",
  "pk": 15,
  "fields": {
    "name": "Civic",
    "brand": 7,
    "year_of_manufacture": 2010
  }
},
{
  "model": "webapp.carmodel",
  "pk": 16,
  "fields": {
    "name": "Corolla",
    "brand": 6,
    "year_of_manufacture": 2020
  }
},
{
  "model": "webapp.carmodel",
  "pk": 17,
  "fields": {
    "name": "X5",
    "brand": 6,
    "year_of_manufacture": 2005
  }
},
{
  "model": "webapp.carmodel",
  "pk": 18,
  "fields": {
    "name": "Mustang",
    "brand": 1,
    "year_of_manufacture": 2012
  }
},
{
  "model": "webapp.carmodel",
  "pk": 19,
  "fields": {
    "name": "Accord",
    "brand": 4,
    "year_of_manufacture": 2011
  }
},
{
  "model": "webapp.carmodel",
  "pk": 20,
  "fields": {
    "name": "Corolla",
    "brand": 8,
    "year_of_manufacture": 2009
  }
},
{
  "model": "webapp.engine",
  "pk": 1,
  "fields": {
    "engine_type": "hybrid",
    "displacement": "1.91",
    "horsepower": 179,
    "torque": 767
  }
},
{
  "model": "webapp.engine",
  "pk": 2,
  "fields": {
    "engine_type": "diesel",
    "displacement": "3.47",
    "horsepower": 128,
    "torque": 735
  }
},
{
  "model": "webapp.engine",
  "pk": 3,
  "fields": {
    "engine_type": "diesel",
    "displacement": "1.99",
    "horsepower": 288,
    "torque": 553
  }
},
{
  "model": "webapp.engine",
  "pk": 4,
  "fields": {
    "engine_type": "hybrid",
    "displacement": "5.99",
    "horsepower": 310,
    "torque": 681
  }
},
{
  "model": "webapp.engine",
  "pk": 5,
  "fields": {
    "engine_type": "hybrid",
    "displacement": "4.50",
    "horsepower": 415,
    "torque": 553
  }
},
{
  "model": "webapp.engine",
  "pk": 6,
  "fields": {
    "engine_type": "gasoline",
    "displacement": "4.60",
    "horsepower": 369,
    "torque": 416
  }
},
{
  "model": "webapp.engine",
  "pk": 7,
  "fields": {
    "engine_type": "electric",
    "displacement": "1.12",
    "horsepower": 339,
    "torque": 328
  }
},
{
  "model": "webapp.engine",
  "pk": 8,
  "fields": {
    "engine_type": "electric",
    "displacement": "3.02",
    "horsepower": 113,
    "torque": 152
  }
},
{
  "model": "webapp.engine",
  "pk": 9,
  "fields": {
    "engine_type": "hybrid",
    "displacement": "5.29",
    "horsepower": 306,
    "torque": 640
  }
},
{
  "model": "webapp.engine",
  "pk": 10,
  "fields": {
    "engine_type": "diesel",
    "displacement": "3.87",
    "horsepower": 335,
    "torque": 593
  }
},
{
  "model": "webapp.engine",
  "pk": 11,
  "fields": {
    "engine_type": "gasoline",
    "displacement": "1.51",
    "horsepower": 102,
    "torque": 313
  }
},
{
  "model": "webapp.engine",
  "pk": 12,
  "fields": {
    "engine_type": "gasoline",
    "displacement": "3.05",
    "horsepower": 390,
    "torque": 354
  }
},
{
  "model": "webapp.engine",
  "pk": 13,
  "fields": {
    "engine_type": "electric",
    "displacement": "2.72",
    "horsepower": 373,
    "torque": 764
  }
},
{
  "model": "webapp.engine",
  "pk": 14,
  "fields": {
    "engine_type": "hybrid",
    "displacement": "1.35",
    "horsepower": 350,
    "torque": 678
  }
},
{
  "model": "webapp.engine",
  "pk": 15,
  "fields": {
    "engine_type": "diesel",
    "displacement": "1.47",
    "horsepower": 399,
    "torque": 725
  }
},
{
  "model": "webapp.engine",
  "pk": 16,
  "fields": {
    "engine_type": "diesel",
    "displacement": "4.89",
    "horsepower": 305,
    "torque": 650
  }
},
{
  "model": "webapp.engine",
  "pk": 17,
  "fields": {
    "engine_type": "gasoline",
    "displacement": "3.84",
    "horsepower": 479,
    "torque": 676
  }
},
{
  "model": "webapp.engine",
  "pk": 18,
  "fields": {
    "engine_type": "gasoline",
    "displacement": "1.45",
    "horsepower": 139,
    "torque": 764
  }
},
{
  "model": "webapp.engine",
  "pk": 19,
  "fields": {
    "engine_type": "hybrid",
    "displacement": "2.20",
    "horsepower": 210,
    "torque": 770
  }
},
{
  "model": "webapp.engine",
  "pk": 20,
  "fields": {
    "engine_type": "gasoline",
    "displacement": "6.35",
    "horsepower": 244,
    "torque": 123
  }
},
{
  "model": "webapp.country",
  "pk": 1,
  "fields": {
    "name": "ðíð¿ðÉ"
  }
},
{
  "model": "webapp.country",
  "pk": 2,
  "fields": {
    "name": "ð»ð┐ð¥ð¢ð©ÐÅ"
  }
},
{
  "model": "webapp.country",
  "pk": 3,
  "fields": {
    "name": "ðôðÁÐÇð╝ð░ð¢ð©ÐÅ"
  }
},
{
  "model": "webapp.country",
  "pk": 4,
  "fields": {
    "name": "ð«ðÂð¢ð░ÐÅ ðÜð¥ÐÇðÁÐÅ"
  }
},
{
  "model": "webapp.country",
  "pk": 5,
  "fields": {
    "name": "ðÜð©Ðéð░ð╣"
  }
},
{
  "model": "webapp.country",
  "pk": 6,
  "fields": {
    "name": "ðáð¥ÐüÐüð©ÐÅ"
  }
},
{
  "model": "webapp.country",
  "pk": 7,
  "fields": {
    "name": "ðñÐÇð░ð¢Ðåð©ÐÅ"
  }
},
{
  "model": "webapp.country",
  "pk": 8,
  "fields": {
    "name": "ðÿÐéð░ð╗ð©ÐÅ"
  }
},
{
  "model": "webapp.country",
  "pk": 9,
  "fields": {
    "name": "ðÜð░ð¢ð░ð┤ð░"
  }
},
{
  "model": "webapp.country",
  "pk": 10,
  "fields": {
    "name": "ð£ðÁð║Ðüð©ð║ð░"
  }
},
{
  "model": "webapp.vehicleinfo",
  "pk": 1,
  "fields": {
    "vehicle_type": "passenger",
    "model": 15,
    "year_of_manufacture": 2010,
    "body_type": "ð▓ð¢ðÁð┤ð¥ÐÇð¥ðÂð¢ð©ð║",
    "engine": 6,
    "countries": [
      3
    ]
  }
},
{
  "model": "webapp.vehicleinfo",
  "pk": 2,
  "fields": {
    "vehicle_type": "engine",
    "model": 12,
    "year_of_manufacture": 2018,
    "body_type": "ð▓ð¢ðÁð┤ð¥ÐÇð¥ðÂð¢ð©ð║",
    "engine": 12,
    "countries": [
      8,
      6
    ]
  }
},
{
  "model": "webapp.vehicleinfo",
  "pk": 3,
  "fields": {
    "vehicle_type": "bus",
    "model": 18,
    "year_of_manufacture": 2003,
    "body_type": "ÐüðÁð┤ð░ð¢",
    "engine": 15,
    "countries": [
      10,
      4
    ]
  }
},
{
  "model": "webapp.vehicleinfo",
  "pk": 4,
  "fields": {
    "vehicle_type": "engine",
    "model": 7,
    "year_of_manufacture": 2000,
    "body_type": "ÐüðÁð┤ð░ð¢",
    "engine": 20,
    "countries": [
      7
    ]
  }
},
{
  "model": "webapp.vehicleinfo",
  "pk": 5,
  "fields": {
    "vehicle_type": "bus",
    "model": 6,
    "year_of_manufacture": 2020,
    "body_type": "ÐàÐìÐéÐçð▒ðÁð║",
    "engine": 18,
    "countries": [
      8
    ]
  }
},
{
  "model": "webapp.vehicleinfo",
  "pk": 6,
  "fields": {
    "vehicle_type": "bicycle",
    "model": 18,
    "year_of_manufacture": 2008,
    "body_type": "ð▓ð¢ðÁð┤ð¥ÐÇð¥ðÂð¢ð©ð║",
    "engine": 18,
    "countries": [
      8,
      5
    ]
  }
},
{
  "model": "webapp.vehicleinfo",
  "pk": 7,
  "fields": {
    "vehicle_type": "special",
    "model": 5,
    "year_of_manufacture": 2018,
    "body_type": "ð║Ðâð┐ðÁ",
    "engine": 9,
    "countries": [
      1,
      5,
      7
    ]
  }
},
{
  "model": "webapp.vehicleinfo",
  "pk": 8,
  "fields": {
    "vehicle_type": "railroad",
    "model": 12,
    "year_of_manufacture": 2014,
    "body_type": "ð║Ðâð┐ðÁ",
    "engine": 13,
    "countries": [
      5
    ]
  }
},
{
  "model": "webapp.vehicleinfo",
  "pk": 9,
  "fields": {
    "vehicle_type": "bus",
    "model": 13,
    "year_of_manufacture": 2000,
    "body_type": "Ðâð¢ð©ð▓ðÁÐÇÐüð░ð╗",
    "engine": 11,
    "countries": [
      8
    ]
  }
},
{
  "model": "webapp.vehicleinfo",
  "pk": 10,
  "fields": {
    "vehicle_type": "special",
    "model": 14,
    "year_of_manufacture": 2017,
    "body_type": "ÐüðÁð┤ð░ð¢",
    "engine": 16,
    "countries": [
      8,
      1
    ]
  }
},
{
  "model": "webapp.vehicleinfo",
  "pk": 11,
  "fields": {
    "vehicle_type": "bus",
    "model": 18,
    "year_of_manufacture": 2014,
    "body_type": "ð▓ð¢ðÁð┤ð¥ÐÇð¥ðÂð¢ð©ð║",
    "engine": 9,
    "countries": [
      8,
      1
    ]
  }
},
{
  "model": "webapp.vehicleinfo",
  "pk": 12,
  "fields": {
    "vehicle_type": "bicycle",
    "model": 9,
    "year_of_manufacture": 2004,
    "body_type": "ÐàÐìÐéÐçð▒ðÁð║",
    "engine": 9,
    "countries": [
      4
    ]
  }
},
{
  "model": "webapp.vehicleinfo",
  "pk": 13,
  "fields": {
    "vehicle_type": "railroad",
    "model": 18,
    "year_of_manufacture": 2016,
    "body_type": "ÐüðÁð┤ð░ð¢",
    "engine": 15,
    "countries": [
      1
    ]
  }
},
{
  "model": "webapp.vehicleinfo",
  "pk": 14,
  "fields": {
    "vehicle_type": "engine",
    "model": 10,
    "year_of_manufacture": 2006,
    "body_type": "ð▓ð¢ðÁð┤ð¥ÐÇð¥ðÂð¢ð©ð║",
    "engine": 17,
    "countries": [
      8,
      4
    ]
  }
},
{
  "model": "webapp.vehicleinfo",
  "pk": 15,
  "fields": {
    "vehicle_type": "engine",
    "model": 8,
    "year_of_manufacture": 2018,
    "body_type": "Ðâð¢ð©ð▓ðÁÐÇÐüð░ð╗",
    "engine": 2,
    "countries": [
      1,
      6
    ]
  }
},
{
  "model": "webapp.vehicleinfo",
  "pk": 16,
  "fields": {
    "vehicle_type": "truck",
    "model": 1,
    "year_of_manufacture": 2017,
    "body_type": "ÐüðÁð┤ð░ð¢",
    "engine": 20,
    "countries": [
      3
    ]
  }
},
{
  "model": "webapp.vehicleinfo",
  "pk": 17,
  "fields": {
    "vehicle_type": "bicycle",
    "model": 18,
    "year_of_manufacture": 2018,
    "body_type": "ÐüðÁð┤ð░ð¢",
    "engine": 20,
    "countries": [
      1,
      10,
      5
    ]
  }
},
{
  "model": "webapp.vehicleinfo",
  "pk": 18,
  "fields": {
    "vehicle_type": "bus",
    "model": 17,
    "year_of_manufacture": 2016,
    "body_type": "Ðâð¢ð©ð▓ðÁÐÇÐüð░ð╗",
    "engine": 4,
    "countries": [
      4,
      7
    ]
  }
},
{
  "model": "webapp.vehicleinfo",
  "pk": 19,
  "fields": {
    "vehicle_type": "passenger",
    "model": 14,
    "year_of_manufacture": 2015,
    "body_type": "ÐàÐìÐéÐçð▒ðÁð║",
    "engine": 19,
    "countries": [
      8,
      2
    ]
  }
},
{
  "model": "webapp.vehicleinfo",
  "pk": 20,
  "fields": {
    "vehicle_type": "bicycle",
    "model": 3,
    "year_of_manufacture": 2018,
    "body_type": "ð║Ðâð┐ðÁ",
    "engine": 13,
    "countries": [
      7
    ]
  }
},
{
  "model": "webapp.category",
  "pk": 1,
  "fields": {
    "name": "ðöð▓ð©ð│ð░ÐéðÁð╗Ðî",
    "description": "ð×ð┐ð©Ðüð░ð¢ð©ðÁ ð┤ð╗ÐÅ ðöð▓ð©ð│ð░ÐéðÁð╗Ðî"
  }
},
{
  "model": "webapp.category",
  "pk": 2,
  "fields": {
    "name": "ðóÐÇð░ð¢Ðüð╝ð©ÐüÐüð©ÐÅ",
    "description": "ð×ð┐ð©Ðüð░ð¢ð©ðÁ ð┤ð╗ÐÅ ðóÐÇð░ð¢Ðüð╝ð©ÐüÐüð©ÐÅ"
  }
},
{
  "model": "webapp.category",
  "pk": 3,
  "fields": {
    "name": "ðƒð¥ð┤ð▓ðÁÐüð║ð░",
    "description": "ð×ð┐ð©Ðüð░ð¢ð©ðÁ ð┤ð╗ÐÅ ðƒð¥ð┤ð▓ðÁÐüð║ð░"
  }
},
{
  "model": "webapp.category",
  "pk": 4,
  "fields": {
    "name": "ðÜÐâðÀð¥ð▓ð¢ÐïðÁ ð┤ðÁÐéð░ð╗ð©",
    "description": "ð×ð┐ð©Ðüð░ð¢ð©ðÁ ð┤ð╗ÐÅ ðÜÐâðÀð¥ð▓ð¢ÐïðÁ ð┤ðÁÐéð░ð╗ð©"
  }
},
{
  "model": "webapp.category",
  "pk": 5,
  "fields": {
    "name": "ðóð¥ÐÇð╝ð¥ðÀð¢ð░ÐÅ Ðüð©ÐüÐéðÁð╝ð░",
    "description": "ð×ð┐ð©Ðüð░ð¢ð©ðÁ ð┤ð╗ÐÅ ðóð¥ÐÇð╝ð¥ðÀð¢ð░ÐÅ Ðüð©ÐüÐéðÁð╝ð░"
  }
},
{
  "model": "webapp.review",
  "pk": 1,
  "fields": {
    "part": 27,
    "user": 1,
    "text": "asefersf"
  }
},
{
  "model": "webapp.review",
  "pk": 2,
  "fields": {
    "part": 27,
    "user": 1,
    "text": "qdwqweafdqwdqw"
  }
},
{
  "model": "webapp.review",
  "pk": 3,
  "fields": {
    "part": 45,
    "user": 1,
    "text": "qwdqwefdwq"
  }
},
{
  "model": "webapp.review",
  "pk": 4,
  "fields": {
    "part": 27,
    "user": 1,
    "text": "eret45t"
  }
},
{
  "model": "webapp.review",
  "pk": 5,
  "fields": {
    "part": 27,
    "user": 1,
    "text": "this is 4th otzyv"
  }
},
{
  "model": "webapp.review",
  "pk": 6,
  "fields": {
    "part": 27,
    "user": 1,
    "text": "This is my fifth review"
  }
},
{
  "model": "webapp.review",
  "pk": 7,
  "fields": {
    "part": 27,
    "user": 1,
    "text": "This is my fifth review"
  }
},
{
  "model": "webapp.review",
  "pk": 8,
  "fields": {
    "part": 27,
    "user": 1,
    "text": "This is my 7th review"
  }
},
{
  "model": "webapp.review",
  "pk": 9,
  "fields": {
    "part": 32,
    "user": 1,
    "text": "ato vtoroi otzyv"
  }
},
{
  "model": "webapp.review",
  "pk": 10,
  "fields": {
    "part": 32,
    "user": 1,
    "text": "a to tretii otzyv"
  }
},
{
  "model": "webapp.review",
  "pk": 11,
  "fields": {
    "part": 32,
    "user": 1,
    "text": "tretii otzyv"
  }
},
{
  "model": "webapp.review",
  "pk": 12,
  "fields": {
    "part": 45,
    "user": 1,
    "text": "34f3f"
  }
},
{
  "model": "webapp.review",
  "pk": 13,
  "fields": {
    "part": 27,
    "user": 1,
    "text": "This is my 8th review"
  }
},
{
  "model": "webapp.review",
  "pk": 14,
  "fields": {
    "part": 32,
    "user": 1,
    "text": "This is myyyyy"
  }
},
{
  "model": "webapp.review",
  "pk": 15,
  "fields": {
    "part": 27,
    "user": 1,
    "text": "llallalalal"
  }
},
{
  "model": "webapp.review",
  "pk": 16,
  "fields": {
    "part": 27,
    "user": 1,
    "text": "qwdknqwdlqnjwd"
  }
},
{
  "model": "webapp.review",
  "pk": 17,
  "fields": {
    "part": 27,
    "user": 1,
    "text": "this is the problematic review"
  }
},
{
  "model": "webapp.review",
  "pk": 18,
  "fields": {
    "part": 28,
    "user": 1,
    "text": "lallalalal"
  }
},
{
  "model": "webapp.review",
  "pk": 19,
  "fields": {
    "part": 28,
    "user": 1,
    "text": "okay shilsu"
  }
},
{
  "model": "webapp.review",
  "pk": 20,
  "fields": {
    "part": 35,
    "user": 1,
    "text": "e2fwnlwkeflkw"
  }
},
{
  "model": "webapp.review",
  "pk": 21,
  "fields": {
    "part": 28,
    "user": 1,
    "text": "kemerglkmeltkmgr"
  }
},
{
  "model": "webapp.review",
  "pk": 22,
  "fields": {
    "part": 32,
    "user": 1,
    "text": "okay"
  }
},
{
  "model": "webapp.review",
  "pk": 23,
  "fields": {
    "part": 35,
    "user": 1,
    "text": "Щтдн нщггг"
  }
},
{
  "model": "webapp.news",
  "pk": 1,
  "fields": {
    "title": "ðíÐâð┤ ðØÐîÐÄ-ðÖð¥ÐÇð║ð░ ð¥Ðéð║ð╗ð¥ð¢ð©ð╗ ð©Ðüð║ ð┐ÐÇð░ð▓ð©ÐéðÁð╗ÐîÐüÐéð▓ð░ ðÜðá ð¥ ð┐ð¥ÐüÐéð░ð▓ð║ðÁ ðÀð░ð┐Ðçð░ÐüÐéðÁð╣ ð¢ð░ \"ðÜÐâð╝Ðéð¥ÐÇ\"",
    "short_description": "ðíÐâð┤ ðØÐîÐÄ-ðÖð¥ÐÇð║ð░ ð¥Ðéð║ð╗ð¥ð¢ð©ð╗ ð©Ðüð║ ð┐ÐÇð░ð▓ð©ÐéðÁð╗ÐîÐüÐéð▓ð░ ðÜðá ð¥ ð┐ð¥ÐüÐéð░ð▓ð║ðÁ ðÀð░ð┐Ðçð░ÐüÐéðÁð╣ ð¢ð░ \"ðÜÐâð╝Ðéð¥ÐÇ\"",
    "full_text": "ðíÐâð┤ ðíð¿ðÉ ð┐ð¥ ð┤ðÁð╗ð░ð╝ ð¥ ð▒ð░ð¢ð║ÐÇð¥ÐéÐüÐéð▓ðÁ ð«ðÂð¢ð¥ð│ð¥ ð¥ð║ÐÇÐâð│ð░ ðØÐîÐÄ-ðÖð¥ÐÇð║ð░ ð¥Ðéð║ð╗ð¥ð¢ð©ð╗ Ðàð¥ð┤ð░Ðéð░ð╣ÐüÐéð▓ð¥ ð┐ÐÇð░ð▓ð©ÐéðÁð╗ÐîÐüÐéð▓ð░ ðÜÐïÐÇð│ÐïðÀÐüÐéð░ð¢ð░ ð¥ ð┤ð¥ÐüÐéð░ð▓ð║ðÁ ð¢ð░ ÐÇÐâð┤ð¢ð©ð║ ð║ÐÇð©Ðéð©ÐçðÁÐüð║ð© ð▓ð░ðÂð¢ð¥ð│ð¥ ð¥ð▒ð¥ÐÇÐâð┤ð¥ð▓ð░ð¢ð©ÐÅ ð© ÐéÐïÐüÐÅÐç ðÀð░ð┐ð░Ðüð¢ÐïÐà ð┤ðÁÐéð░ð╗ðÁð╣. ð×ð▒ ÐìÐéð¥ð╝ ÐÇðÁð┤ð░ð║Ðåð©ð© Sputnik ÐüÐéð░ð╗ð¥ ð©ðÀð▓ðÁÐüÐéð¢ð¥ ð©ðÀ ÐüÐâð┤ðÁð▒ð¢ÐïÐà ð┤ð¥ð║Ðâð╝ðÁð¢Ðéð¥ð▓.\r\n\r\nðÿÐüð║ ð┐ð¥ ÐìÐéð¥ð╝Ðâ ð┤ðÁð╗Ðâ ÐÇð░ÐüÐüð╝ð░ÐéÐÇð©ð▓ð░ð╗ð░ ÐüÐâð┤ÐîÐÅ ðøð©ðÀð░ ðô. ðæðÁð║ðÁÐÇð╝ð░ð¢, Ðüð╗ÐâÐêð░ð¢ð©ÐÅ ð┐ÐÇð¥Ðêð╗ð© 15 ÐüðÁð¢ÐéÐÅð▒ÐÇÐÅ ð▓ ÐÇðÁðÂð©ð╝ðÁ ð▓ð©ð┤ðÁð¥ð║ð¥ð¢ÐäðÁÐÇðÁð¢Ðåð©ð©.\r\n\r\nðíð¥ð│ð╗ð░Ðüð¢ð¥ ð┤ð¥ð║Ðâð╝ðÁð¢Ðéð░ð╝, ð┐ð¥ÐüÐéð░ð▓ð║ð© ð╝ð░ÐéðÁÐÇð©ð░ð╗ð¥ð▓, ð▓ð║ð╗ÐÄÐçð░ÐÄÐëð©ðÁ ðÀð░ð┐Ðçð░ÐüÐéð© ð┤ð╗ÐÅ ð▒ð¥ð╗ÐîÐêð©Ðà Ðüð░ð╝ð¥Ðüð▓ð░ð╗ð¥ð▓ Caterpillar, ð▒Ðïð╗ð© ðÀð░ð║ð░ðÀð░ð¢Ðï ð┤ð¥ÐçðÁÐÇð¢ðÁð╣ ð║ð¥ð╝ð┐ð░ð¢ð©ðÁð╣ Centerra Gold Inc. ÔÇö Kumtor Gold Company ÔÇö ðÁÐëðÁ ð┤ð¥ Ðéð¥ð│ð¥, ð║ð░ð║ ð¢ð░ ÐÇÐâð┤ð¢ð©ð║ðÁ ð▓ð▓ðÁð╗ð© ð▓ð¢ðÁÐêð¢ðÁðÁ Ðâð┐ÐÇð░ð▓ð╗ðÁð¢ð©ðÁ. ðØð░ ð╝ð¥ð╝ðÁð¢Ðé ð▓ð▓ðÁð┤ðÁð¢ð©ÐÅ ð▓ð¢ðÁÐêð¢ðÁð│ð¥ Ðâð┐ÐÇð░ð▓ð╗ðÁð¢ð©ÐÅ ð¥ð¢ð© ð¢ð░Ðàð¥ð┤ð©ð╗ð©ÐüÐî ð▓ ð┐ÐâÐéð© ð© ðÁÐëðÁ ð¢ðÁ ð▒Ðïð╗ð© ð┤ð¥ÐüÐéð░ð▓ð╗ðÁð¢Ðï ð▓ ðÜÐïÐÇð│ÐïðÀÐüÐéð░ð¢. ðíðÁð╣Ðçð░Ðü ÐìÐéð© Ðéð¥ð▓ð░ÐÇÐï ð▓ ð¥Ðüð¢ð¥ð▓ð¢ð¥ð╝ ð¢ð░Ðàð¥ð┤ÐÅÐéÐüÐÅ ð▓ ð┐ð¥ÐÇÐéð░Ðà ðáð©ð│ð© (ðøð░Ðéð▓ð©ÐÅ) ð© ð▓ ðáð¥ÐéÐéðÁÐÇð┤ð░ð╝ðÁ (ðØð©ð┤ðÁÐÇð╗ð░ð¢ð┤Ðï).\r\n\r\n\r\n\r\nðáð░ÐüÐüð╝ð░ÐéÐÇð©ð▓ð░ðÁð╝ÐïðÁ Ðéð¥ð▓ð░ÐÇÐï, ð║ð¥Ðéð¥ÐÇÐïðÁ ÐÅð▓ð╗ÐÅÐÄÐéÐüÐÅ ðÂð©ðÀð¢ðÁð¢ð¢ð¥ ð▓ð░ðÂð¢Ðïð╝ ð¥ð▒ð¥ÐÇÐâð┤ð¥ð▓ð░ð¢ð©ðÁð╝ ð© ðÀð░ð┐ð░Ðüð¢Ðïð╝ð© Ðçð░ÐüÐéÐÅð╝ð©, ð┤ð¥ÐüÐéÐâð┐ð¢Ðïð╝ð© ð┤ð╗ÐÅ ð┐ÐÇð©ð¥ð▒ÐÇðÁÐéðÁð¢ð©ÐÅ Ðéð¥ð╗Ðîð║ð¥ Ðâ ð©ð¢ð¥ÐüÐéÐÇð░ð¢ð¢ÐïÐà ð┐ð¥ÐüÐéð░ð▓Ðëð©ð║ð¥ð▓, ð¢ðÁð¥ð▒Ðàð¥ð┤ð©ð╝Ðï ð┤ð╗ÐÅ Ðéð¥ð│ð¥, ÐçÐéð¥ð▒Ðï ÐÇÐâð┤ð¢ð©ð║ ð┐ÐÇð¥ð┤ð¥ð╗ðÂð░ð╗ ÐÇð░ð▒ð¥Ðéð░ÐéÐî. ðíðÁð╣Ðçð░Ðü Ðéð░ð╝ ð║ÐÇð©Ðéð©ÐçðÁÐüð║ð© ð¢ðÁ Ðàð▓ð░Ðéð░ðÁÐé ðÀð░ð┐ð░Ðüð¢ÐïÐà Ðçð░ÐüÐéðÁð╣\", ÔÇö Ðüð¥ð¥ð▒Ðëð©ð╗ð© ÐÄÐÇð©ÐüÐéÐï ð┐ÐÇð░ð▓ð©ÐéðÁð╗ÐîÐüÐéð▓ð░ ðÜÐïÐÇð│ÐïðÀÐüÐéð░ð¢ð░.\r\n\r\n\r\nðƒÐÇðÁð┤ÐüÐéð░ð▓ð©ÐéðÁð╗ð© ÐÄÐÇð©ð┤ð©ÐçðÁÐüð║ð¥ð╣ Ðäð©ÐÇð╝Ðï Arnold & Porter Kaye Scholer LLP, ðÀð░Ðëð©Ðëð░ÐÄÐëðÁð╣ ð©ð¢ÐéðÁÐÇðÁÐüÐï ðÜÐïÐÇð│ÐïðÀÐüÐéð░ð¢ð░, ð¢ð░ÐüÐéð░ð©ð▓ð░ð╗ð© ð¢ð░ Ðéð¥ð╝, ÐçÐéð¥ ð┐ð¥ÐüÐéð░ð▓ð║ð© ð┤ð¥ð╗ðÂð¢Ðï ð▒ÐïÐéÐî ð▓Ðïð┐ð¥ð╗ð¢ðÁð¢Ðï, ð¢ðÁÐüð╝ð¥ÐéÐÇÐÅ ð¢ð░ ð▓ð▓ðÁð┤ðÁð¢ð©ðÁ ð▓ð¢ðÁÐêð¢ðÁð│ð¥ Ðâð┐ÐÇð░ð▓ð╗ðÁð¢ð©ÐÅ.\r\nð×ð┤ð¢ð░ð║ð¥ ÐüÐâð┤ÐîÐÅ ðæðÁð║ðÁÐÇð╝ð░ð¢ Ðâð┤ð¥ð▓ð╗ðÁÐéð▓ð¥ÐÇð©ð╗ð░ ð┐ÐÇð¥ÐüÐîð▒Ðâ ÐÄÐÇð©ÐüÐéð¥ð▓ Kumtor Gold Company (Ðüð¥ ÐüÐéð¥ÐÇð¥ð¢Ðï Centerra) ð¥ ð▓ð¥ðÀð▓ÐÇð░ÐéðÁ Ðéð¥ð▓ð░ÐÇð¥ð▓ ð©Ðà ð┐ð¥ÐüÐéð░ð▓Ðëð©ð║ð░ð╝ Ðü ð┐ð¥ð╗ð¢Ðïð╝ ð▓ð¥ðÀð╝ðÁÐëðÁð¢ð©ðÁð╝ ð¥ð┐ð╗ð░ÐéÐï, ð┐ð¥Ðüð║ð¥ð╗Ðîð║Ðâ ð║ð¥ð╝ð┐ð░ð¢ð©ÐÅ ð▒ð¥ð╗ÐîÐêðÁ ð¢ðÁ ð║ð¥ð¢ÐéÐÇð¥ð╗ð©ÐÇÐâðÁÐé ÐÇÐâð┤ð¢ð©ð║ ð© ð¢ðÁ ð┐ð¥ð╗ÐâÐçð░ðÁÐé ð▓ÐïÐÇÐâÐçð║Ðâ ð¥Ðé ð┐ÐÇð¥ð┤ð░ðÂð© ðÀð¥ð╗ð¥Ðéð░.\r\n\r\nðØð░ Ðüð╗ÐâÐêð░ð¢ð©ÐÅÐà ÐüÐâð┤ÐîÐÅ Ðéð░ð║ðÂðÁ ðÀð░ÐÅð▓ð©ð╗ð░, ÐçÐéð¥ ð¢ðÁ ð¥ðÂð©ð┤ð░ðÁÐé ÐâÐüð╗ÐïÐêð░ÐéÐî Ðàð¥ð┤ð░Ðéð░ð╣ÐüÐéð▓ð¥ ð║ÐïÐÇð│ÐïðÀÐüð║ð¥ð│ð¥ ð┐ÐÇð░ð▓ð©ÐéðÁð╗ÐîÐüÐéð▓ð░ ð¥ð▒ ð¥Ðéð║ð╗ð¥ð¢ðÁð¢ð©ð© ð┤ðÁð╗ð░ ÐÇð░ð¢ÐîÐêðÁ ð┤ðÁð║ð░ð▒ÐÇÐÅ, ð¥Ðéð╗ð¥ðÂð©ð▓ ðÁð│ð¥ Ðéð░ð║ð©ð╝ ð¥ð▒ÐÇð░ðÀð¥ð╝ ð║ð░ð║ ð╝ð©ð¢ð©ð╝Ðâð╝ ð¢ð░ ð╝ðÁÐüÐÅÐå.",
    "image": "",
    "published_at": "2024-10-28T14:28:00.926Z"
  }
},
{
  "model": "webapp.news",
  "pk": 2,
  "fields": {
    "title": "ðÆð╗ð░ÐüÐéð© ðæð©Ðêð║ðÁð║ð░ Ðàð¥ÐéÐÅÐé ð║ð¥ð¢ÐéÐÇð¥ð╗ð©ÐÇð¥ð▓ð░ÐéÐî ÐåðÁð¢Ðï ð¢ð░ ðÀð░ð┐Ðçð░ÐüÐéð© ð┤ð╗ÐÅ ð╝ð░ÐÇÐêÐÇÐâÐéð¥ð║",
    "short_description": "ð£ÐìÐÇ ðæð©Ðêð║ðÁð║ð░ ð¥ð▒ÐüÐâð┤ð©ð╗ Ðü ÐÇÐâð║ð¥ð▓ð¥ð┤ð©ÐéðÁð╗ÐÅð╝ð© Ðäð©ÐÇð╝-ð┐ðÁÐÇðÁð▓ð¥ðÀÐçð©ð║ð¥ð▓ ÐâÐüÐéð░ð¢ð¥ð▓ð║Ðâ GPS-ÐéÐÇðÁð║ðÁÐÇð¥ð▓, ð▓ð¢ðÁð┤ÐÇðÁð¢ð©ðÁ Ðüð©ÐüÐéðÁð╝Ðï Ðìð╗ðÁð║ÐéÐÇð¥ð¢ð¢ð¥ð│ð¥ ð▒ð©ð╗ðÁÐéð©ÐÇð¥ð▓ð░ð¢ð©ÐÅ ð¢ð░ ð▓ÐüðÁÐà ð▓ð©ð┤ð░Ðà ð┐ð░ÐüÐüð░ðÂð©ÐÇÐüð║ð¥ð│ð¥ ÐéÐÇð░ð¢Ðüð┐ð¥ÐÇÐéð░ ð© ð┤ÐÇÐâð│ð©ðÁ ð▓ð¥ð┐ÐÇð¥ÐüÐï.",
    "full_text": "ðæðÿð¿ðÜðòðÜ, 10 ð¢ð¥ÐÅ ÔÇö Sputnik. ð£ÐìÐÇ ðæð©Ðêð║ðÁð║ð░ ðÉð╣ð▒ðÁð║ ðöðÂÐâð¢ÐâÐêð░ð╗ð©ðÁð▓ ð▓ÐüÐéÐÇðÁÐéð©ð╗ÐüÐÅ Ðü ð│ð╗ð░ð▓ð░ð╝ð© Ðäð©ÐÇð╝-ð┐ðÁÐÇðÁð▓ð¥ðÀÐçð©ð║ð¥ð▓, ð¥ð▒Ðüð╗ÐâðÂð©ð▓ð░ÐÄÐëð©Ðà ð│ð¥ÐÇð¥ð┤Ðüð║ð©ðÁ ð╝ð░ÐÇÐêÐÇÐâÐéÐï, Ðüð¥ð¥ð▒Ðëð©ð╗ð░ ð┐ÐÇðÁÐüÐü-Ðüð╗ÐâðÂð▒ð░ ð╝Ðâð¢ð©Ðåð©ð┐ð░ð╗ð©ÐéðÁÐéð░.\r\n\r\nðúð┐ÐÇð░ð▓ð╗ðÁð¢ð©ÐÄ ð│ð¥ÐÇð¥ð┤Ðüð║ð¥ð│ð¥ ÐéÐÇð░ð¢Ðüð┐ð¥ÐÇÐéð░ Ðüð¥ð▓ð╝ðÁÐüÐéð¢ð¥ Ðü ðôð¥Ðüð░ð│ðÁð¢ÐéÐüÐéð▓ð¥ð╝ ð░ð¢Ðéð©ð╝ð¥ð¢ð¥ð┐ð¥ð╗Ðîð¢ð¥ð│ð¥ ÐÇðÁð│Ðâð╗ð©ÐÇð¥ð▓ð░ð¢ð©ÐÅ ð┐ð¥ÐÇÐâÐçðÁð¢ð¥ ð┐ÐÇð¥ð▓ðÁÐüÐéð© ð░ð¢ð░ð╗ð©ðÀ ÐåðÁð¢ ð¢ð░ ðÀð░ð┐Ðçð░ÐüÐéð©. ðÆ Ðüð╗ÐâÐçð░ðÁ ð▓ÐïÐÅð▓ð╗ðÁð¢ð©ÐÅ ð¢ðÁÐüð¥ð¥Ðéð▓ðÁÐéÐüÐéð▓ð©ÐÅ ð¢ð░ð┐ÐÇð░ð▓ð©ÐéÐî ð©ð¢Ðäð¥ÐÇð╝ð░Ðåð©ÐÄ ð┤ð╗ÐÅ ð┐ÐÇð©ð¢ÐÅÐéð©ÐÅ ð╝ðÁÐÇ ð▓ ð¥Ðéð¢ð¥ÐêðÁð¢ð©ð© ð¢ðÁð┤ð¥ð▒ÐÇð¥Ðüð¥ð▓ðÁÐüÐéð¢ÐïÐà ð┐ÐÇðÁð┤ð┐ÐÇð©ð¢ð©ð╝ð░ÐéðÁð╗ðÁð╣ ð© ð┤ð░ð╗Ðîð¢ðÁð╣ÐêðÁð│ð¥ ÐâÐÇðÁð│Ðâð╗ð©ÐÇð¥ð▓ð░ð¢ð©ÐÅ ÐåðÁð¢.\r\nðöðÂÐâð¢ÐâÐêð░ð╗ð©ðÁð▓ ð¢ð░ð┐ð¥ð╝ð¢ð©ð╗ ÐÇÐâð║ð¥ð▓ð¥ð┤ð©ÐéðÁð╗ÐÅð╝ ð¥ ð┐ðÁÐÇÐüð¥ð¢ð░ð╗Ðîð¢ð¥ð╣ ð¥Ðéð▓ðÁÐéÐüÐéð▓ðÁð¢ð¢ð¥ÐüÐéð© ðÀð░ ð▒ðÁÐüð┐ðÁÐÇðÁð▒ð¥ð╣ð¢ð¥ðÁ ð¥ð▒ðÁÐüð┐ðÁÐçðÁð¢ð©ðÁ ð¥ð▒ÐëðÁÐüÐéð▓ðÁð¢ð¢Ðïð╝ ÐéÐÇð░ð¢Ðüð┐ð¥ÐÇÐéð¥ð╝. ðñð©ÐÇð╝ð░ð╝-ð┐ðÁÐÇðÁð▓ð¥ðÀÐçð©ð║ð░ð╝ ÐÇðÁð║ð¥ð╝ðÁð¢ð┤ð¥ð▓ð░ð¢ð¥ Ðâð▓ðÁð╗ð©Ðçð©ÐéÐî ð┐ð╗ð░ð¢ð¥ð▓ÐïðÁ ð▓ÐïÐàð¥ð┤Ðï ÐéÐÇð░ð¢Ðüð┐ð¥ÐÇÐéð░, ð░ Ðéð░ð║ðÂðÁ ð┐ð¥ÐüÐéð¥ÐÅð¢ð¢ð¥ ð║ð¥ð¢ÐéÐÇð¥ð╗ð©ÐÇð¥ð▓ð░ÐéÐî ÐéðÁÐàð¢ð©ÐçðÁÐüð║ð¥ðÁ Ðüð¥ÐüÐéð¥ÐÅð¢ð©ðÁ ð╝ð©ð║ÐÇð¥ð░ð▓Ðéð¥ð▒ÐâÐüð¥ð▓.\r\nðØð░ð┐ð¥ð╝ð¢ð©ð╝, Ðü 1 ð¢ð¥ÐÅð▒ÐÇÐÅ ð▓ ðæð©Ðêð║ðÁð║ðÁ ð┐ð¥ð▓ÐïÐüð©ð╗ÐüÐÅ Ðéð░ÐÇð©Ðä ð¢ð░ ð┐ÐÇð¥ðÁðÀð┤ ð▓ ð¥ð▒ÐëðÁÐüÐéð▓ðÁð¢ð¢ð¥ð╝ ÐéÐÇð░ð¢Ðüð┐ð¥ÐÇÐéðÁ.",
    "image": "",
    "published_at": "2024-10-28T14:30:00.157Z"
  }
},
{
  "model": "webapp.news",
  "pk": 3,
  "fields": {
    "title": "ðƒð¥Ðêð╗ð© ð▓ÐÇð░ðÀð¢ð¥Ðü: ð░ð▓Ðéð¥ð╝ð¥ð▒ð©ð╗ð© ð▓ ðáð¥ÐüÐüð©ð© ÐüÐéð░ð╗ð© ðÀð¥ð╗ð¥ÐéÐïð╝ð©",
    "short_description": "ðòÐüð╗ð© ð▓Ðï Ðàð¥Ðéð©ÐéðÁ ð║Ðâð┐ð©ÐéÐî ð¢ð¥ð▓Ðïð╣ ð░ð▓Ðéð¥ð╝ð¥ð▒ð©ð╗Ðî, Ðìð║Ðüð┐ðÁÐÇÐéÐï ÐÇðÁð║ð¥ð╝ðÁð¢ð┤ÐâÐÄÐé \"ðÀð░ð¢ÐÅÐéÐî ð▓ÐïðÂð©ð┤ð░ÐéðÁð╗Ðîð¢ÐâÐÄ ð┐ð¥ðÀð©Ðåð©ÐÄ\".\r\nðØð░Ðéð░ð╗ÐîÐÅ ðöðÁð╝ð▒ð©ð¢Ðüð║ð░ÐÅ, ðáðÿðÉ ðØð¥ð▓ð¥ÐüÐéð©",
    "full_text": "ðáð¥ÐüÐüð©ð╣Ðüð║ð©ð╣ ð░ð▓Ðéð¥ÐÇÐïð¢ð¥ð║ ð▓ ð┐ÐÇðÁð┤ð┤ð▓ðÁÐÇð©ð© ð║ð¥ð╗ð╗ð░ð┐Ðüð░. ð×ð▒ð▓ð░ð╗ ÐÇÐâð▒ð╗ÐÅ ð© ð┐ÐÇðÁð║ÐÇð░ÐëðÁð¢ð©ðÁ ð┐ð¥ÐüÐéð░ð▓ð¥ð║ ð▓Ðïð¢Ðâð┤ð©ð╗ð© ð┤ð©ð╗ðÁÐÇð¥ð▓ Ðìð║ÐüÐéÐÇðÁð¢ð¢ð¥ ð┐ðÁÐÇðÁð┐ð©Ðüð░ÐéÐî ÐåðÁð¢ð¢ð©ð║ð©. ðóðÁð┐ðÁÐÇÐî ð┤ð░ðÂðÁ ðÀð░ ð¢ðÁð║ð¥ð│ð┤ð░ ð▒ÐÄð┤ðÂðÁÐéð¢ÐïðÁ ð╝ð¥ð┤ðÁð╗ð© ð┐ÐÇð¥ÐüÐÅÐé ð┐ð¥ÐçÐéð© 2 ð╝ð©ð╗ð╗ð©ð¥ð¢ð░ ÐÇÐâð▒ð╗ðÁð╣. ðÆ Ðüð░ð╗ð¥ð¢ð░Ðà ÐÇð░ðÀð▓ð¥ð┤ÐÅÐé ÐÇÐâð║ð░ð╝ð©: ÐìÐéð¥ ðÁÐëðÁ ð¢ðÁ ð┐ÐÇðÁð┤ðÁð╗. ðÉ ð┤ð©ð╗ðÁÐÇÐï ðÂð┤ÐâÐé ð┐ÐâÐüÐéÐïÐà ðÀð░ð╗ð¥ð▓ ÔÇö ð¢ðÁ ð▒Ðâð┤ðÁÐé ð¢ð© ð╝ð░Ðêð©ð¢, ð¢ð© ð┐ð¥ð║Ðâð┐ð░ÐéðÁð╗ðÁð╣.\r\nðÑÐâðÂðÁ, ÐçðÁð╝ ð▓ÐçðÁÐÇð░\r\nðÆ ð┐ÐÇð¥Ðêð╗ð¥ð╝ ð│ð¥ð┤Ðâ ð░ð▓Ðéð¥ð╝ð¥ð▒ð©ð╗ð© ð┐ð¥ð┤ð¥ÐÇð¥ðÂð░ð╗ð© ð¢ð░ ÐéÐÇðÁÐéÐî. ðƒð¥ ÐÇÐïð¢ð║Ðâ Ðâð┤ð░ÐÇð©ð╗ð© ð©ð¢Ðäð╗ÐÅÐåð©ÐÅ, ÐÇð¥ÐüÐé ÐåðÁð¢ ð¢ð░ Ðìð¢ðÁÐÇð│ð¥ð¢ð¥Ðüð©ÐéðÁð╗ð©, ð©ðÀð╝ðÁð¢ðÁð¢ð©ðÁ ÐâÐüð╗ð¥ð▓ð©ð╣ ð┐ÐÇð¥ð│ÐÇð░ð╝ð╝Ðï ð╗Ðîð│ð¥Ðéð¢ð¥ð│ð¥ ð░ð▓Ðéð¥ð║ÐÇðÁð┤ð©Ðéð¥ð▓ð░ð¢ð©ÐÅ. ð×ð┤ð¢ð░ð║ð¥ ð│ð╗ð░ð▓ð¢ð¥ð╣ ð┐ÐÇð¥ð▒ð╗ðÁð╝ð¥ð╣ ÐüÐéð░ð╗ ð┤ðÁÐäð©Ðåð©Ðé ð╝ð©ð║ÐÇð¥ÐüÐàðÁð╝ ð© ð┐ÐÇð¥Ðçð©Ðà ð║ð¥ð╝ð┐ð╗ðÁð║ÐéÐâÐÄÐëð©Ðà ÔÇö ð▓ð¥ ð▓ÐüðÁð╝ ð╝ð©ÐÇðÁ.\r\nðóðÁð┐ðÁÐÇÐî ð¢ð░ÐüÐéÐâð┐ð©ð╗ ð╗ð¥ð│ð©ÐüÐéð©ÐçðÁÐüð║ð©ð╣ ð║ð¥ð╗ð╗ð░ð┐Ðü. ðÿðÀ-ðÀð░ Ðüð©ÐéÐâð░Ðåð©ð© ð¢ð░ ðúð║ÐÇð░ð©ð¢ðÁ ð© Ðüð░ð¢ð║Ðåð©ð╣ Volkswagen, Audi, General Motors, Citroen, Mercedes-Benz, Skoda, Jaguar, Land Rover, Porsche, Peugeot, BMW ð┐ÐÇðÁð║ÐÇð░Ðéð©ð╗ð© ð┐ð¥ÐüÐéð░ð▓ð║ð©. ðÆ Volvo ðÀð░ÐÅð▓ð©ð╗ð© ð¥ð▒ ð¥ÐüÐéð░ð¢ð¥ð▓ð║ðÁ ð┐ÐÇð¥ð©ðÀð▓ð¥ð┤ÐüÐéð▓ð░ ð© ð┐ÐÇð¥ð┤ð░ðÂ ð░ð▓Ðéð¥ð╝ð¥ð▒ð©ð╗ðÁð╣ ð▓ ðáð¥ÐüÐüð©ð©.\r\nðªðÁð¢Ðï ð▓ Ðüð░ð╗ð¥ð¢ð░Ðà ð▓ðÀð╗ðÁÐéðÁð╗ð© ðÁÐëðÁ ð¢ð░ 30-50 ð┐ÐÇð¥ÐåðÁð¢Ðéð¥ð▓. ðíð░ð╝ð© ð┤ð©ð╗ðÁÐÇÐï ð┐ð¥ð║ð░ ð▓ ðÀð░ð╝ðÁÐêð░ÐéðÁð╗ÐîÐüÐéð▓ðÁ, ð╝ð¢ð¥ð│ð©ðÁ ð┤ð░ðÂðÁ Ðâð▒ÐÇð░ð╗ð© ð┐ÐÇð░ð╣Ðü-ð╗ð©ÐüÐéÐï: ð▓ÐüðÁ ÐÇð░ð▓ð¢ð¥ ð©Ðà ð┐ðÁÐÇðÁð┐ð©ÐüÐïð▓ð░ÐéÐî.\r\nð¡Ðéð¥ ð║ð░Ðüð░ðÁÐéÐüÐÅ ð© ð┐ð¥ð┐Ðâð╗ÐÅÐÇð¢ÐïÐà ð╝ð¥ð┤ðÁð╗ðÁð╣ ÐéÐÇð░ð┤ð©Ðåð©ð¥ð¢ð¢ð¥ ð▒ÐÄð┤ðÂðÁÐéð¢ð¥ð│ð¥ ÐüðÁð│ð╝ðÁð¢Ðéð░. ðóð░ð║, ðÁÐëðÁ ð▓ ð┤ðÁð║ð░ð▒ÐÇðÁÔÇôÐÅð¢ð▓ð░ÐÇðÁ Kia Rio ð▓ ð▒ð░ðÀð¥ð▓ð¥ð╣ ð║ð¥ð╝ð┐ð╗ðÁð║Ðéð░Ðåð©ð© ÐüÐéð¥ð©ð╗ð░ ð╝ðÁð¢ðÁðÁ ð╝ð©ð╗ð╗ð©ð¥ð¢ð░. ðíðÁð╣Ðçð░Ðü ÔÇö ð¢ð░ 700 ÐéÐïÐüÐÅÐç ð▒ð¥ð╗ÐîÐêðÁ.\r\n\"ðæÐïð╗ ð░ðÂð©ð¥Ðéð░ðÂð¢Ðïð╣ Ðüð┐ÐÇð¥Ðü ð▓ ð║ð¥ð¢ÐåðÁ ÐäðÁð▓ÐÇð░ð╗ÐÅ, ð╗ÐÄð┤ð© ÐÇð░ÐüÐàð▓ð░ÐéÐïð▓ð░ð╗ð© ð╝ð░Ðêð©ð¢Ðï. ðóðÁ, ÐçÐéð¥ ÐüÐéð¥ÐÅÐé ð▓ Ðüð░ð╗ð¥ð¢ðÁ, ÔÇö ð▓ÐüðÁ ðÀð░ð▒ÐÇð¥ð¢ð©ÐÇð¥ð▓ð░ð¢Ðï. ðØð¥ð▓ÐïÐà ð┐ð¥ÐüÐéð░ð▓ð¥ð║ ð¢ðÁ ðÂð┤ÐâÐé. ðÜÐâð┐ð©ÐéÐî ð┐ð¥ ÐüÐéð░ÐÇð¥ð╣ ÐåðÁð¢ðÁ ð╝ð¥ðÂð¢ð¥, Ðéð¥ð╗Ðîð║ð¥ ðÁÐüð╗ð© ð║Ðéð¥-Ðéð¥ ð¥Ðéð║ð░ðÂðÁÐéÐüÐÅ ð¥Ðé ðÀð░ð║ð░ðÀð░\", ÔÇö ÐÇð░ÐüÐüð║ð░ðÀð░ð╗ð© ð▓ ð╝ð¥Ðüð║ð¥ð▓Ðüð║ð¥ð╝ ð░ð▓Ðéð¥Ðüð░ð╗ð¥ð¢ðÁ \"ðÉð▓Ðéð¥ð│ðÁÐÇð╝ðÁc KIA\".\r\n\r\nðÆ \"ð£ð░ÐÇÐü-ð£ð¥Ðéð¥ÐÇÐü\" (ð¥Ðäð©Ðåð©ð░ð╗Ðîð¢Ðïð╣ ð┤ð©ð╗ðÁÐÇ Hyundai) ð┐ÐÇðÁð┤ð╗ð░ð│ð░ÐÄÐé Ðüð░ð╝ð¥ðÁ ð▒ÐÄð┤ðÂðÁÐéð¢ð¥ðÁ ð© ð▓ð¥ÐüÐéÐÇðÁð▒ð¥ð▓ð░ð¢ð¢ð¥ðÁ ð░ð▓Ðéð¥ Huyndai Solaris (ð░ð▓Ðéð¥ð╝ð░Ðé ð▓ ð▒ð░ðÀðÁ) ðÀð░ 1,7 ð╝ð©ð╗ð╗ð©ð¥ð¢ð░. ðæÐÇð░ÐéÐî ð¢ð░ð┤ð¥ \"ð┐ÐÇÐÅð╝ð¥ ÐüðÁð╣Ðçð░Ðü ðÀð░ ð¢ð░ð╗ð©Ðçð║Ðâ\", ð┐ð¥Ðüð║ð¥ð╗Ðîð║Ðâ \"ð¢ðÁð©ðÀð▓ðÁÐüÐéð¢ð¥, ÐçÐéð¥ ð▒Ðâð┤ðÁÐé ðÀð░ð▓ÐéÐÇð░\".\r\n\"ðƒð¥Ðüð╗ðÁð┤ð¢ÐÅÐÅ Huyndai ðíreta ÐâÐêð╗ð░ ðÀð░ 2,1 ð╝ð©ð╗ð╗ð©ð¥ð¢ð░. ð×ÐüðÁð¢ÐîÐÄ ÐìÐéð░ ð╝ð¥ð┤ðÁð╗Ðî ÐüÐéð¥ð©ð╗ð░ 1,2-1,3 ð╝ð©ð╗ð╗ð©ð¥ð¢ð░, ð║ ð║ð¥ð¢ÐåÐâ ð│ð¥ð┤ð░ Ðü ÐâÐçðÁÐéð¥ð╝ ð┤ð©ð╗ðÁÐÇÐüð║ð©Ðà \"ð┤ð¥ð┐ð¥ð▓\" ÔÇö ð┐ð¥ð╗Ðéð¥ÐÇð░\", ÔÇö ÐâÐéð¥Ðçð¢ð©ð╗ ð╝ðÁð¢ðÁð┤ðÂðÁÐÇ.\r\nðƒð¥Ðàð¥ðÂð░ÐÅ Ðüð©ÐéÐâð░Ðåð©ÐÅ ð© ð▓ \"ðÉð░ÐÇð¥ð¢-ðÉð▓Ðéð¥\" (ð¥Ðäð©Ðåð©ð░ð╗Ðîð¢Ðïð╣ ð┤ð©ð╗ðÁÐÇ Peugeot ð© Citroen). ðáðÁð║ð¥ð╝ðÁð¢ð┤ð¥ð▓ð░ð¢ð¢ð░ÐÅ ÐÇð¥ðÀð¢ð©Ðçð¢ð░ÐÅ ÐåðÁð¢ð░ Peugeot 2008 Ðü ð╝ðÁÐàð░ð¢ð©ÐçðÁÐüð║ð¥ð╣ ð║ð¥ÐÇð¥ð▒ð║ð¥ð╣ ð▓ ð▒ð░ðÀð¥ð▓ð¥ð╣ ð║ð¥ð╝ð┐ð╗ðÁð║Ðéð░Ðåð©ð© ÔÇö 2,2 ð╝ð©ð╗ð╗ð©ð¥ð¢ð░, ð¢ð░ ð┤ðÁð╗ðÁ ð▓ÐïÐàð¥ð┤ð©Ðé ð▒ð¥ð╗ÐîÐêðÁ ÐéÐÇðÁÐà.\r\nðºÐéð¥ Ðü ð¢ð░Ðêð©ð╝ð©\r\n\"ðÉð▓Ðéð¥ðÆðÉðù\" ð╝ð¥ðÂðÁÐé ÐÇð░ÐüÐüÐçð©ÐéÐïð▓ð░ÐéÐî ð¢ð░ ÐÇð¥ÐüÐé Ðüð┐ÐÇð¥Ðüð░. ð×ð┤ð¢ð░ð║ð¥, ð║ð░ð║ ðÀð░ð╝ðÁÐçð░ðÁÐé ð×ð╗ðÁð│ ðùðÁð▓ð░ð║ð©ð¢, ð│ðÁð¢ðÁÐÇð░ð╗Ðîð¢Ðïð╣ ð┤ð©ÐÇðÁð║Ðéð¥ÐÇ \"ðÉð▓Ðéð¥ðÉÐüÐüð©ÐüÐé\", ð▒ðÁðÀ ð©ð╝ð┐ð¥ÐÇÐéð¢ÐïÐà ð║ð¥ð╝ð┐ð╗ðÁð║ÐéÐâÐÄÐëð©Ðà ðÀð░ð▓ð¥ð┤ Ðüð┐ð¥Ðüð¥ð▒ðÁð¢ ð▓Ðïð┐ÐâÐüð║ð░ÐéÐî Ðéð¥ð╗Ðîð║ð¥ ð║ð╗ð░ÐüÐüð©ÐçðÁÐüð║ÐâÐÄ Lada Niva. ðÆ ð┤ð░ð¢ð¢ð¥ðÁ ð▓ÐÇðÁð╝ÐÅ ð║ð¥ð¢ð▓ðÁð╣ðÁÐÇ ð¥ÐüÐéð░ð¢ð¥ð▓ð╗ðÁð¢.\r\nð£ð¥Ðüð║ð¥ð▓Ðüð║ð©ð╣ ðÀð░ð▓ð¥ð┤ Renault Ðéð¥ðÂðÁ ð▓ÐüÐéð░ð╗ ÔÇö ð┐ð¥ð║ð░ ð┤ð¥ 9 ð╝ð░ÐÇÐéð░.\r\n\"ðÆð░ÐÇð©ð░ð¢Ðéð¥ð▓ Ðü ðÀð░ð╝ðÁÐëðÁð¢ð©ðÁð╝ Ðìð╗ðÁð║ÐéÐÇð¥ð¢ð¢ÐïÐà ð┤ðÁÐéð░ð╗ðÁð╣ ð¢ðÁÐé. ðÜ Ðüð¥ðÂð░ð╗ðÁð¢ð©ÐÄ, ðÀð░ 30 ð╗ðÁÐé ð¥ÐéðÁÐçðÁÐüÐéð▓ðÁð¢ð¢ð░ÐÅ ð┐ÐÇð¥ð╝ÐïÐêð╗ðÁð¢ð¢ð¥ÐüÐéÐî ð¢ðÁ ð¢ð░ÐâÐçð©ð╗ð░ÐüÐî ð┐ÐÇð¥ð©ðÀð▓ð¥ð┤ð©ÐéÐî ÐÇð░ð▒ð¥Ðéð¥Ðüð┐ð¥Ðüð¥ð▒ð¢ÐïðÁ ð┐ð¥ð╗Ðâð┐ÐÇð¥ð▓ð¥ð┤ð¢ð©ð║ð© ð© Ðçð©ð┐Ðï\", ÔÇö ð║ð¥ð¢ÐüÐéð░Ðéð©ÐÇÐâðÁÐé ðÉð¢ð¢ð░ ðæð¥ð┤ÐÇð¥ð▓ð░, ÐüÐéð░ÐÇÐêð©ð╣ ð░ð¢ð░ð╗ð©Ðéð©ð║ ðÿðÉðª \"ðÉð╗Ðîð┐ð░ÐÇð©\".\r\nðí 1 ð╝ð░ÐÇÐéð░ ÐåðÁð¢Ðï ð¢ð░ ð▓ÐüðÁ ð╝ð¥ð┤ðÁð╗ð© Lada ð┐ð¥ð▓ÐïÐüð©ð╗ð© ð▓ ÐüÐÇðÁð┤ð¢ðÁð╝ ð¢ð░ 147 ÐéÐïÐüÐÅÐç ÐÇÐâð▒ð╗ðÁð╣ (ð┐ð╗ÐÄÐü 15,4 ð┐ÐÇð¥ÐåðÁð¢Ðéð░).\r\nðóð░ð║ð©Ðà Ðüð║ð░Ðçð║ð¥ð▓ ð¢ðÁ ð▒Ðïð╗ð¥ ð┤ðÁÐüÐÅÐéð©ð╗ðÁÐéð©ÐÅ. ðÜð░ð║ ð┐ÐÇðÁð┤ÐÇðÁð║ð░ÐÄÐé ð¢ð░ ÐÇÐïð¢ð║ðÁ, ð▓ ð▒ð╗ð©ðÂð░ð╣ÐêðÁðÁ ð▓ÐÇðÁð╝ÐÅ ð¥ÐéðÁÐçðÁÐüÐéð▓ðÁð¢ð¢ÐïðÁ ð░ð▓Ðéð¥ð╝ð¥ð▒ð©ð╗ð© ð┐ð¥ð┤ð¥ÐÇð¥ðÂð░ÐÄÐé ðÁÐëðÁ ð╝ð©ð¢ð©ð╝Ðâð╝ ð¢ð░ ÐéÐÇðÁÐéÐî.\r\n\r\nðûð┤ÐâÐé ð┐ÐâÐüÐéÐïÐà ðÀð░ð╗ð¥ð▓\r\nðöð©ð╗ðÁÐÇÐï ð¥ð┐ð░Ðüð░ÐÄÐéÐüÐÅ, ÐçÐéð¥ ð¥ÐçðÁð¢Ðî Ðüð║ð¥ÐÇð¥ ð┐ÐÇðÁð┤ð╗ð¥ðÂð©ÐéÐî ð┐ð¥ð║Ðâð┐ð░ÐéðÁð╗ÐÅð╝ ð▒Ðâð┤ðÁÐé ð¢ðÁÐçðÁð│ð¥.\r\n\"ðƒð¥ÐìÐéð¥ð╝Ðâ ÐåðÁð╗ð© ÐÇð░Ðüð┐ÐÇð¥ð┤ð░ÐéÐî ð▓ÐüðÁ Ðâ ð¢ð░Ðü ð¢ðÁÐé. ðØð░ð┤ð¥, ð¢ð░ð¥ð▒ð¥ÐÇð¥Ðé, ÐÇð░ÐüÐéÐÅð¢ÐâÐéÐî, ÐçÐéð¥ð▒Ðï ð╗ÐÄð┤ð© Ðàð¥ÐéÐÅ ð▒Ðï ð╝ð¥ð│ð╗ð© ð┐ÐÇð©ð╣Ðéð©, ð┐ð¥Ðüð╝ð¥ÐéÐÇðÁÐéÐî ð© ð▓Ðïð▒ÐÇð░ÐéÐî ð║ð¥ð╝ð┐ð╗ðÁð║Ðéð░Ðåð©ÐÄ\", ÔÇö ð¥ð▒ÐèÐÅÐüð¢ÐÅÐÄÐé ð▓ \"ðÉð░ÐÇð¥ð¢-ðÉð▓Ðéð¥\".\r\nðóð¥, ÐçÐéð¥ ðÁÐüÐéÐî ð¢ð░ Ðüð║ð╗ð░ð┤ð░Ðà ð©ð╗ð© ð┐ÐÇð¥Ðàð¥ð┤ð©Ðé Ðéð░ð╝ð¥ðÂð¢ÐÄ, ÔÇö ð╝ð░ð║Ðüð©ð╝Ðâð╝ ð¢ð░ ð╝ðÁÐüÐÅÐåÔÇôð┐ð¥ð╗Ðéð¥ÐÇð░, ð│ð¥ð▓ð¥ÐÇð©Ðé ðòð╗ðÁð¢ð░ ðíð░Ðäð¥ð¢ð¥ð▓ð░, Ðâð┐ÐÇð░ð▓ð╗ÐÅÐÄÐëð©ð╣ ð┤ð©ÐÇðÁð║Ðéð¥ÐÇ Ðâð┐ÐÇð░ð▓ð╗ðÁð¢ð©ÐÅ ð┐ð¥ ÐÇð░ð▒ð¥ÐéðÁ Ðü ð░ð▓Ðéð¥ð┤ð©ð╗ðÁÐÇð░ð╝ð© ð© ð░ð▓Ðéð¥ð┐ÐÇð¥ð©ðÀð▓ð¥ð┤ð©ÐéðÁð╗ÐÅð╝ð© ð║ð¥ð╝ð┐ð░ð¢ð©ð© \"ðáðÁð¢ðÁÐüÐüð░ð¢Ðü ÐüÐéÐÇð░Ðàð¥ð▓ð░ð¢ð©ðÁ\".\r\nðÜð░ð║ ð¥Ðéð╝ðÁÐçð░ðÁÐé ðÉð¢ð┤ÐÇðÁð╣ ðóðÁÐÇð╗ÐÄð║ðÁð▓ð©Ðç, ð│ðÁð¢ð┤ð©ÐÇðÁð║Ðéð¥ÐÇ ðôðÜ \"ðÉð▓Ðéð¥ðíð┐ðÁÐåðªðÁð¢ÐéÐÇ\", ð┐ÐÇðÁð©ð╝ÐâÐëðÁÐüÐéð▓ð¥ Ðâ ð║ð©Ðéð░ð╣Ðüð║ð©Ðà ð© ð║ð¥ÐÇðÁð╣Ðüð║ð©Ðà ð░ð▓Ðéð¥ð┐ÐÇð¥ð©ðÀð▓ð¥ð┤ð©ÐéðÁð╗ðÁð╣: ð│ÐÇð░ð¢ð©Ðåð░ Ðü ðÜðØðá ð¥Ðéð║ÐÇÐïÐéð░. ð×ð┤ð¢ð░ð║ð¥ ð¥Ðéð║ð░ðÀ ð║ÐÇÐâð┐ð¢ðÁð╣Ðêð©Ðà ð¥ð┐ðÁÐÇð░Ðéð¥ÐÇð¥ð▓ ð║ð¥ð¢ÐéðÁð╣ð¢ðÁÐÇð¢ÐïÐà ð┐ðÁÐÇðÁð▓ð¥ðÀð¥ð║ ð¥Ðé ð┤ð¥ÐüÐéð░ð▓ð¥ð║ ð│ÐÇÐâðÀð¥ð▓ ð▓ ðáð¥ÐüÐüð©ÐÄ ð╝ð¥ðÂðÁÐé ð┐ð¥ð▓ð╗ð©ÐÅÐéÐî ð© ð¢ð░ ð¢ð©Ðà.\r\nðÆð┐ÐÇð¥ÐçðÁð╝, Ðüð┐ÐÇð¥Ðü Ðéð¥ðÂðÁ Ðâð┐ð░ð┤ðÁÐé: c ð┐ð¥ð▓ÐïÐêðÁð¢ð©ðÁð╝ ð║ð╗ÐÄÐçðÁð▓ð¥ð╣ ÐüÐéð░ð▓ð║ð© ðªðæ ð░ð▓Ðéð¥ð║ÐÇðÁð┤ð©ÐéÐï, ÐâÐçð░ÐüÐéð▓ð¥ð▓ð░ð▓Ðêð©ðÁ ð▓ ð┐ð¥ð╗ð¥ð▓ð©ð¢ðÁ ð┐ð¥ð║Ðâð┐ð¥ð║, ÐüÐéð░ð╗ð© ð╝ð░ð╗ð¥ð┤ð¥ÐüÐéÐâð┐ð¢Ðïð╝ð©. ð¡ð║Ðüð┐ðÁÐÇÐéÐï ð▓ð¥ð¥ð▒ÐëðÁ ð┐ÐÇðÁð┤ÐÇðÁð║ð░ÐÄÐé ÐÇÐïð¢ð║Ðâ ð░ð▓Ðéð¥ð║ÐÇðÁð┤ð©Ðéð¥ð▓ð░ð¢ð©ÐÅ ð▓ÐÇðÁð╝ðÁð¢ð¢Ðïð╣ ð║ÐÇð░Ðà ÔÇö ðÀð░ðÁð╝ð¢Ðïð╣ ð║ð░ð┐ð©Ðéð░ð╗ Ðüð╗ð©Ðêð║ð¥ð╝ ð┤ð¥ÐÇð¥ð│.\r\n\"ðíð┐ÐÇð¥Ðü ð¢ð░ ð░ð▓Ðéð¥ð║ÐÇðÁð┤ð©ÐéÐï ÐâðÂðÁ ð¥ð▒ð▓ð░ð╗ð©ð╗ÐüÐÅ. ðÆÐÇÐÅð┤ ð╗ð© ð▒Ðâð┤ðÁÐé ð╝ð¢ð¥ð│ð¥ ðÂðÁð╗ð░ÐÄÐëð©Ðà ð▒ÐÇð░ÐéÐî ð©Ðà ð┐ð¥ 20 ð┐ÐÇð¥ÐåðÁð¢Ðéð¥ð▓ ð┐ð╗ÐÄÐü\", ÔÇö ð│ð¥ð▓ð¥ÐÇð©Ðé ðÉð¢ð┤ÐÇðÁð╣ ð×ð╗ÐîÐàð¥ð▓Ðüð║ð©ð╣, ð│ðÁð¢ðÁÐÇð░ð╗Ðîð¢Ðïð╣ ð┤ð©ÐÇðÁð║Ðéð¥ÐÇ ðôðÜ \"ðÉð▓Ðéð¥ð┤ð¥ð╝\".\r\nðØðÁÐàð▓ð░Ðéð║ð░ ðÀð░ð┐Ðçð░ÐüÐéðÁð╣\r\nðíðÁÐÇÐîðÁðÀð¢ÐïÐà ð┐ðÁÐÇðÁð▒ð¥ðÁð▓ ðÂð┤ÐâÐé Ðü ðÀð░ð┐Ðçð░ÐüÐéÐÅð╝ð©, ð┐ð¥ ð¢ðÁð║ð¥Ðéð¥ÐÇÐïð╝ ð╝ð░ÐÇð║ð░ð╝ ð¥ð¢ð© ð┐ð¥ð┤ð¥ÐÇð¥ðÂð░ð╗ð© ð¢ð░ 15 ð┐ÐÇð¥ÐåðÁð¢Ðéð¥ð▓. ðƒð¥ ð╝ð¢ðÁð¢ð©ÐÄ ðíðÁÐÇð│ðÁÐÅ ðƒð©ð│ð¥ð╗ð║ð©ð¢ð░, ð┤ð©ÐÇðÁð║Ðéð¥ÐÇð░ CarClick.ru, ÐéÐÇÐâð┤ð¢ð¥ÐüÐéð© ð▓ð¥ðÀð¢ð©ð║ð¢ÐâÐé ð┤ð░ðÂðÁ Ðü ð┐ÐÇð¥Ðàð¥ðÂð┤ðÁð¢ð©ðÁð╝ ðóð× Ðâ ð┤ð©ð╗ðÁÐÇð¥ð▓: ð¢ð░ Ðüð║ð╗ð░ð┤ð░Ðà ðÀð░ð┐ð░Ðü ð▓ÐüðÁð│ð¥ ð¢ð░ ð┐ð░ÐÇÐâ ð¢ðÁð┤ðÁð╗Ðî. ðØðÁ ð©Ðüð║ð╗ÐÄÐçðÁð¢ð¥, ÐçÐéð¥ ð¢ð░ ð┐ð¥ð╝ð¥ÐëÐî ð┐ÐÇð©ð┤ðÁÐé ð▓ÐüðÁ Ðéð¥Ðé ðÂðÁ ðÜð©Ðéð░ð╣, ð¢ð¥ ð▓ð╗ð░ð┤ðÁð╗ÐîÐåðÁð▓ ð┐ÐÇðÁð╝ð©ð░ð╗Ðîð¢ÐïÐà ð╝ð░ÐÇð¥ð║ ÐìÐéð¥ ð▓ÐÇÐÅð┤ ð╗ð© ÐâÐüÐéÐÇð¥ð©Ðé.\r\n\"ðØðÁð║ð¥Ðéð¥ÐÇÐïðÁ ðÁð▓ÐÇð¥ð┐ðÁð╣Ðüð║ð©ðÁ ð┐ÐÇð¥ð©ðÀð▓ð¥ð┤ð©ÐéðÁð╗ð© ðÀð░ð║ÐÇÐïð╗ð© ð¥Ðéð│ÐÇÐâðÀð║ð© ð¢ð░ ÐüÐÇð¥ð║ ð¥Ðé ÐüðÁð╝ð© ð┤ð¥ ð┤ðÁÐüÐÅÐéð© ð┤ð¢ðÁð╣ ÔÇö ÐìÐéð¥ ð┐ð¥ð║ð░. ð×ð¢ð© ð¢ðÁ ðÀð¢ð░ÐÄÐé, ð┐ð¥ ð║ð░ð║ð¥ð╣ ÐåðÁð¢ðÁ ð¥Ðéð│ÐÇÐâðÂð░ÐéÐî: ð║ÐâÐÇÐü ÐÇÐâð▒ð╗ÐÅ ð░ð▒Ðüð¥ð╗ÐÄÐéð¢ð¥ ð¢ðÁð┐ÐÇðÁð┤Ðüð║ð░ðÀÐâðÁð╝Ðïð╣. ðóÐÇð░ð¢ðÀð©Ðé ÐçðÁÐÇðÁðÀ ðúð║ÐÇð░ð©ð¢Ðâ ð¢ðÁð▓ð¥ðÀð╝ð¥ðÂðÁð¢. ðøð░Ðéð▓ð©ÐÅ ð© ðøð©Ðéð▓ð░ ð▓ð▓ðÁð╗ð© ð¢ð¥ð▓ÐïðÁ Ðéð░ð╝ð¥ðÂðÁð¢ð¢ÐïðÁ Ðäð¥ÐÇð╝Ðï, Ðéð░ð╝ ð┐ð¥ð╗ð¢ð░ÐÅ ð¢ðÁÐÇð░ðÀð▒ðÁÐÇð©Ðàð░. ðôÐÇÐâðÀð¥ð▓ð©ð║ð© ð┐ð¥ð┐ÐÇð¥ÐüÐéÐâ ÐüÐéð¥ÐÅÐé. ð×ÐçðÁð▓ð©ð┤ð¢ð¥, ÐçðÁÐÇðÁðÀ ð┤ð▓ðÁ-ÐéÐÇð© ð¢ðÁð┤ðÁð╗ð© ð╝Ðï ÐüÐéð¥ð╗ð║ð¢ðÁð╝ÐüÐÅ Ðü ð¢ðÁÐàð▓ð░Ðéð║ð¥ð╣ ð║ð¥ð╝ð┐ð╗ðÁð║ÐéÐâÐÄÐëð©Ðà\", ÔÇö ð┐ð¥ð┤Ðéð▓ðÁÐÇðÂð┤ð░ðÁÐé ðöð░ð¢ð©ð╗ ðíð¥ð╗ð¥ð▓ÐîðÁð▓, Ðüð¥ð¥Ðüð¢ð¥ð▓ð░ÐéðÁð╗Ðî ð╝ðÁðÂð┤Ðâð¢ð░ÐÇð¥ð┤ð¢ð¥ð╣ ÐüðÁÐéð© ð░ð▓Ðéð¥ÐüðÁÐÇð▓ð©Ðüð¥ð▓ Fit Service.\r\n\r\nðÆÐïðÂð┤ð░ÐéÐî ð▓ÐÇðÁð╝ÐÅ\r\nð×ð▒ ÐâÐàð¥ð┤ðÁ Ðü ÐÇÐïð¢ð║ð░ ð┐ð¥ð║ð░ ð¢ð©ð║Ðéð¥ ð¢ðÁ ð│ð¥ð▓ð¥ÐÇð©Ðé. ðáðÁÐçÐî ð¥ ð┐ÐÇð©ð¥ÐüÐéð░ð¢ð¥ð▓ð║ðÁ ð┐ð¥ÐüÐéð░ð▓ð¥ð║ ð© ðÀð░ð▓ð¥ð┤ð¥ð▓. ðÜð░ð║ ÐâÐéð▓ðÁÐÇðÂð┤ð░ÐÄÐé ð©ð¢Ðüð░ð╣ð┤ðÁÐÇÐï, ð▓ ð┐ÐÇðÁð┤ÐüÐéð░ð▓ð©ÐéðÁð╗ÐîÐüÐéð▓ð░Ðà ð┐ÐÇðÁð╝ð©ð░ð╗Ðîð¢ÐïÐà ð© ð╝ð░ÐüÐüð¥ð▓ÐïÐà ð▒ÐÇðÁð¢ð┤ð¥ð▓ ÐÇðÁÐêðÁð¢ð©ðÁ ðÁÐëðÁ ð¢ðÁ ð┐ÐÇð©ð¢ÐÅð╗ð©. ðöð░ðÂðÁ ð║ð©Ðéð░ð╣Ðüð║ð©ðÁ Geely ð© ðíhery ð▓ðÀÐÅð╗ð© ð┐ð░ÐâðÀÐâ.\r\nðÆ ð┐ðÁÐÇÐüð┐ðÁð║Ðéð©ð▓ðÁ ÐÇÐïð¢ð¥ð║ ð▓ð┐ð¥ð╗ð¢ðÁ Ðüð┐ð¥Ðüð¥ð▒ðÁð¢ ð┐ðÁÐÇðÁð¥ÐÇð©ðÁð¢Ðéð©ÐÇð¥ð▓ð░ÐéÐîÐüÐÅ ð¢ð░ ð¥ÐéðÁÐçðÁÐüÐéð▓ðÁð¢ð¢ÐïðÁ, ð║ð¥ÐÇðÁð╣Ðüð║ð©ðÁ ð© ð║ð©Ðéð░ð╣Ðüð║ð©ðÁ ð░ð▓Ðéð¥. ðÆ ðáð¥ÐüÐüð©ÐÄ ð╝ð¥ð│ÐâÐé ðÀð░ð╣Ðéð© ð© ð░ð▓Ðéð¥ð║ð¥ð¢ÐåðÁÐÇð¢Ðï ð©ðÀ ðÿð¢ð┤ð©ð©, ð¢ð░ð┐ÐÇð©ð╝ðÁÐÇ, Mahindra. ðÜð©Ðéð░ð╣ÐåÐï ð¢ð░ð▓ðÁÐÇð¢ÐÅð║ð░ ð¢ð░ÐÇð░ÐüÐéÐÅÐé ð┤ð¥ð╗ÐÄ, ð©ð╝ ÐìÐéð¥ ð┐ÐÇð¥ÐëðÁ ð▓ÐüðÁð│ð¥.\r\n\"ð£ð¢ð¥ð│ð©ðÁ ð║ð©Ðéð░ð╣Ðüð║ð©ðÁ ð╝ð░ÐÇð║ð© ð¥Ðäð©Ðåð©ð░ð╗Ðîð¢ð¥ ð┐ð¥ð┤Ðéð▓ðÁÐÇð┤ð©ð╗ð©, ÐçÐéð¥ ð¥ÐüÐéð░ÐÄÐéÐüÐÅ ð¢ð░ ÐÇð¥ÐüÐüð©ð╣Ðüð║ð¥ð╝ ÐÇÐïð¢ð║ðÁ ð© ÐÇð░ð▒ð¥Ðéð░ÐÄÐé ð▓ ÐêÐéð░Ðéð¢ð¥ð╝ ÐÇðÁðÂð©ð╝ðÁ. ðÜÐÇð¥ð╝ðÁ Ðéð¥ð│ð¥, ð¢ð░ Ðäð¥ð¢ðÁ ð▓ðÀð╗ðÁÐéð░ ð┐ÐÇð¥ð┤ð░ðÂ ð▓ 2021-ð╝ ð┐ð¥ÐéÐÅð¢ÐâÐéÐüÐÅ ð© ð┤ÐÇÐâð│ð©ðÁ ð░ð▓Ðéð¥ð┐ÐÇð¥ð©ðÀð▓ð¥ð┤ð©ÐéðÁð╗ð© ð©ðÀ ðÜðØðá ÔÇö Foton, BYD, Saik\", ÔÇö ð┐ÐÇð¥ð│ð¢ð¥ðÀð©ÐÇÐâðÁÐé ðíðÁÐÇð│ðÁð╣ ðÆð╗ð░Ðüð¥ð▓, Ðìð║Ðüð┐ðÁÐÇÐé ð╝ð░ÐÇð║ðÁÐéð┐ð╗ðÁð╣Ðüð░ \"ðæð░ð¢ð║ð░ð▓Ðéð¥\".\r\n\"ðòÐüð╗ð© ð░ð▓Ðéð¥ð╝ð¥ð▒ð©ð╗Ðîð¢ÐïðÁ ðÀð░ð▓ð¥ð┤Ðï, ð┐ð¥ÐüÐéÐÇð¥ðÁð¢ð¢ÐïðÁ ð▓ ð┐ð¥Ðüð╗ðÁð┤ð¢ðÁðÁ ð▓ÐÇðÁð╝ÐÅ ð▓ ðáð¥ÐüÐüð©ð©, ðÁð▓ÐÇð¥ð┐ðÁð╣ÐåÐï ð¥ÐüÐéð░ð▓ÐÅÐé, ð║ð©Ðéð░ð╣ÐåÐï ð©Ðà Ðü Ðâð┤ð¥ð▓ð¥ð╗ÐîÐüÐéð▓ð©ðÁð╝ ðÀð░ð╣ð╝ÐâÐé\", ÔÇö Ðâð▓ðÁÐÇðÁð¢ ðÉð╗ðÁð║ÐüðÁð╣ ð£ð░ð║ð░ÐÇð¥ð▓, ð┤ð©ÐÇðÁð║Ðéð¥ÐÇ ð┐ð¥ ÐÇð░ðÀð▓ð©Ðéð©ÐÄ ð░ð▓Ðéð¥ð┤ð©ð╗ðÁÐÇð░ \"ðØð©ðÂðÁð│ð¥ÐÇð¥ð┤ðÁÐå\".\r\nðÜð¥ð╝ð┐ð░ð¢ð©ð©, ð©Ðüð┐ÐïÐéÐïð▓ð░ÐÄÐëð©ðÁ ÐüðÁð╣Ðçð░Ðü ð┐ÐÇð¥ð▒ð╗ðÁð╝Ðï Ðü ð║ð¥ð╝ð┐ð╗ðÁð║ÐéÐâÐÄÐëð©ð╝ð©, ð▓ÐüðÁ ÐÇð░ð▓ð¢ð¥ ðÀð░ð©ð¢ÐéðÁÐÇðÁÐüð¥ð▓ð░ð¢Ðï ð▓ Ðéð¥ð╝, ÐçÐéð¥ð▒Ðï Ðâð┤ðÁÐÇðÂð░ÐéÐîÐüÐÅ ð¢ð░ ÐÇð¥ÐüÐüð©ð╣Ðüð║ð¥ð╝ ÐÇÐïð¢ð║ðÁ, ð┐ð¥Ðüð║ð¥ð╗Ðîð║Ðâ ð¥ð¢ ð¥ÐçðÁð¢Ðî ðÁð╝ð║ð©ð╣. ðí ÐâÐÇðÁð│Ðâð╗ð©ÐÇð¥ð▓ð░ð¢ð©ðÁð╝ ð│ðÁð¥ð┐ð¥ð╗ð©Ðéð©ÐçðÁÐüð║ð¥ð│ð¥ ð║ð¥ð¢Ðäð╗ð©ð║Ðéð░ ÐÇÐâð▒ð╗Ðî ÐüÐéð░ð▒ð©ð╗ð©ðÀð©ÐÇÐâðÁÐéÐüÐÅ, ð© ð▒ÐÇðÁð¢ð┤ð░ð╝ ÐüÐéð░ð¢ðÁÐé ÐÅÐüð¢ð¥, ÐçÐéð¥ ð▒Ðâð┤ðÁÐé Ðü ð╗ð¥ð║ð░ð╗Ðîð¢Ðïð╝ ð┐ÐÇð¥ð©ðÀð▓ð¥ð┤ÐüÐéð▓ð¥ð╝. ðÿð│ÐÇð¥ð║ð© ÐÇð░ÐüÐüÐçð©ÐéÐïð▓ð░ÐÄÐé ð¢ð░ Ðüð║ð¥ÐÇð¥ðÁ ð▓ð¥ÐüÐüÐéð░ð¢ð¥ð▓ð╗ðÁð¢ð©ðÁ ð┐ð¥ÐüÐéð░ð▓ð¥ð║, Ðàð¥ÐéÐÅ ð© ð▓ ð╝ðÁð¢ÐîÐêðÁð╝ ð¥ð▒ÐèðÁð╝ðÁ. ðòÐüð╗ð© ð▓ð░ð╝ ð¢ÐâðÂðÁð¢ ð¢ð¥ð▓Ðïð╣ ð░ð▓Ðéð¥ð╝ð¥ð▒ð©ð╗Ðî, Ðìð║Ðüð┐ðÁÐÇÐéÐï ÐÇðÁð║ð¥ð╝ðÁð¢ð┤ÐâÐÄÐé ð¢ðÁ ð┤ðÁð╗ð░ÐéÐî ÐÇðÁðÀð║ð©Ðà ð┤ð▓ð©ðÂðÁð¢ð©ð╣ ð© ðÀð░ð¢ÐÅÐéÐî ð▓ÐïðÂð©ð┤ð░ÐéðÁð╗Ðîð¢ÐâÐÄ ð┐ð¥ðÀð©Ðåð©ÐÄ.",
    "image": "",
    "published_at": "2024-10-28T14:31:36.483Z"
  }
},
{
  "model": "webapp.news",
  "pk": 4,
  "fields": {
    "title": "ð¡ð╗ðÁð║ÐéÐÇð¥ð╝ð¥ð▒ð©ð╗ð© ð© ð░ð▓Ðéð¥ðÀð░ð┐Ðçð░ÐüÐéð© ÔÇö ð║ð░ð║ ðÜðá ð┐ð¥ÐüÐéÐÇð¥ð©ÐéÐî Ðüð▓ð¥ð╣ ð░ð▓Ðéð¥ð┐ÐÇð¥ð╝?",
    "short_description": "ð¡ð║ð¥ð¢ð¥ð╝ð©ÐüÐé ðÜÐâð▒ð░Ðé ðáð░Ðàð©ð╝ð¥ð▓ ÐÇð░ÐüÐüð║ð░ðÀð░ð╗, ð╝ð¥ðÂð¢ð¥ ð╗ð© ð▓ ðÜÐïÐÇð│ÐïðÀÐüÐéð░ð¢ðÁ ð¢ð░ð╗ð░ð┤ð©ÐéÐî ð║ð¥ð¢ð║ÐâÐÇðÁð¢Ðéð¥Ðüð┐ð¥Ðüð¥ð▒ð¢ð¥ðÁ ð┐ÐÇð¥ð©ðÀð▓ð¥ð┤ÐüÐéð▓ð¥ ð░ð▓Ðéð¥ð╝ð¥ð▒ð©ð╗ðÁð╣.",
    "full_text": "ðÆ ÐìÐäð©ÐÇðÁ ÐÇð░ð┤ð©ð¥ Sputnik ðÜÐïÐÇð│ÐïðÀÐüÐéð░ð¢ ð¥ð¢ ð┐ð¥ð┤ÐçðÁÐÇð║ð¢Ðâð╗, ÐçÐéð¥, ð¢ðÁÐüð╝ð¥ÐéÐÇÐÅ ð¢ð░ ÐâÐüð┐ðÁÐêð¢Ðïð╣ ð¥ð┐ÐïÐé ðúðÀð▒ðÁð║ð©ÐüÐéð░ð¢ð░, ÐìÐéð¥Ðé ÐüÐåðÁð¢ð░ÐÇð©ð╣ ðÜðá ð¢ðÁ ð┐ð¥ð┤Ðàð¥ð┤ð©Ðé.\r\n\"ðúðÀð▒ðÁð║ð© ð░ð║Ðéð©ð▓ð¢ð¥ ðÀð░Ðëð©Ðëð░ÐÄÐé Ðüð▓ð¥ð╣ ð░ð▓Ðéð¥ð┐ÐÇð¥ð╝. ðÆ ÐÇðÁðÀÐâð╗ÐîÐéð░ÐéðÁ ð©ð¢ð¥ÐüÐéÐÇð░ð¢ð¢ÐïðÁ ð░ð▓Ðéð¥ð╝ð¥ð▒ð©ð╗ð© Ðéð░ð╝ ð¥ÐçðÁð¢Ðî ð┤ð¥ÐÇð¥ð│ð©ðÁ, ð░ ðÀð░ ð╝ðÁÐüÐéð¢ð¥ð╣ ð┐ÐÇð¥ð┤Ðâð║Ðåð©ðÁð╣ ð▓ÐïÐüÐéð░ð©ð▓ð░ÐÄÐéÐüÐÅ ð¥ð│ÐÇð¥ð╝ð¢ÐïðÁ ð¥ÐçðÁÐÇðÁð┤ð©. ðÜÐïÐÇð│ÐïðÀÐüÐéð░ð¢ ð▓Ðàð¥ð┤ð©Ðé ð▓ ðòðÉð¡ðí, ð© ð¢ð░Ðê ÐÇÐïð¢ð¥ð║ ð¥Ðéð║ÐÇÐïÐé, ð┐ð¥ÐìÐéð¥ð╝Ðâ ð¢ðÁð¥ð▒Ðàð¥ð┤ð©ð╝ð¥ ð┐ÐÇð¥ð┤Ðâð╝Ðïð▓ð░ÐéÐî ð¢ð░ð┐ÐÇð░ð▓ð╗ðÁð¢ð©ÐÅ, ð│ð┤ðÁ ð╝Ðï ð╝ð¥ðÂðÁð╝ ð▒ÐïÐéÐî ð╗ð¥ð║ð░ð╗Ðîð¢ð¥ ÐâÐüð┐ðÁÐêð¢Ðï\", ÔÇö Ðüð║ð░ðÀð░ð╗ ðáð░Ðàð©ð╝ð¥ð▓.\r\nð×ð¢ ð¥Ðéð╝ðÁÐéð©ð╗, ÐçÐéð¥ ð┐ÐÇð© ÐüÐéÐÇð¥ð©ÐéðÁð╗ÐîÐüÐéð▓ðÁ ð░ð▓Ðéð¥ð┐ÐÇð¥ð╝ð░ ð¢ð░ð┤ð¥ Ðüð╝ð¥ÐéÐÇðÁÐéÐî ð▓ ð▒Ðâð┤ÐâÐëðÁðÁ ð©ð╗ð© ð¥ð│ÐÇð░ð¢ð©Ðçð©ÐéÐîÐüÐÅ Ðâð┤ð¥ð▓ð╗ðÁÐéð▓ð¥ÐÇðÁð¢ð©ðÁð╝ ÐéðÁð║ÐâÐëð©Ðà ð┐ð¥ÐéÐÇðÁð▒ð¢ð¥ÐüÐéðÁð╣ ð¢ð░ÐüðÁð╗ðÁð¢ð©ÐÅ.\r\n\"ðÆ ÐéÐÇðÁð¢ð┤ðÁ ð▒Ðâð┤ÐâÐé Ðìð╗ðÁð║ÐéÐÇð¥ð╝ð¥ð▒ð©ð╗ð©. ðƒð¥ÐçðÁð╝Ðâ ð▒Ðï ð¢ðÁ ð©Ðüð║ð░ÐéÐî ð©ð¢ð▓ðÁÐüÐéð¥ÐÇð¥ð▓ ð║ð¥ð¢ð║ÐÇðÁÐéð¢ð¥ ð┐ð¥ð┤ Ðéð░ð║ð©ðÁ ðÀð░ð┤ð░Ðçð©? ðÜÐïÐÇð│ÐïðÀÐüÐéð░ð¢Ðåð░ð╝ ð┐ÐÇð©Ðàð¥ð┤ð©ÐéÐüÐÅ ð╝ðÁÐüÐÅÐåð░ð╝ð© ðÂð┤ð░ÐéÐî ð¢ÐâðÂð¢ÐïðÁ ðÀð░ð┐Ðçð░ÐüÐéð© ð┤ð╗ÐÅ Ðüð▓ð¥ð©Ðà ÐüÐéð░ÐÇÐïÐà ð░ð▓Ðéð¥ð╝ð¥ð▒ð©ð╗ðÁð╣. ðóð░ð║ ð┐ð¥ÐçðÁð╝Ðâ ð▒Ðï ð¢ðÁ ð¢ð░Ðçð░ÐéÐî ð▓Ðïð┐ÐâÐüð║ð░ÐéÐî ð©Ðà, ð┐ÐÇð¥ð░ð¢ð░ð╗ð©ðÀð©ÐÇð¥ð▓ð░ð▓ ÐÇÐïð¢ð¥ð║? ð¡Ðéð¥ ð╝ð¥ð│ð╗ð¥ ð▒Ðï ðÀð░ð╗ð¥ðÂð©ÐéÐî ð¥Ðüð¢ð¥ð▓Ðï ð░ð▓Ðéð¥ð┐ÐÇð¥ð╝ð░ ð▓ ÐüÐéÐÇð░ð¢ðÁ\", ÔÇö ð┐ð¥ÐÅÐüð¢ð©ð╗ Ðìð║Ðüð┐ðÁÐÇÐé.\r\nð×ð¢ ð┤ð¥ð▒ð░ð▓ð©ð╗, ÐçÐéð¥ ð╝ð¢ð¥ð│ð©ðÁ ÐüÐéÐÇð░ð¢Ðï, ð│ð┤ðÁ ÐüðÁð│ð¥ð┤ð¢ÐÅ ÐâÐüð┐ðÁÐêð¢ð¥ ÐÇð░ðÀð▓ð©ð▓ð░ðÁÐéÐüÐÅ ð┐ÐÇð¥ð©ðÀð▓ð¥ð┤ÐüÐéð▓ð¥ ð░ð▓Ðéð¥ð╝ð¥ð▒ð©ð╗ðÁð╣, ð¢ð░Ðçð©ð¢ð░ð╗ð© Ðü ð©ðÀð│ð¥Ðéð¥ð▓ð╗ðÁð¢ð©ÐÅ ðÀð░ð┐Ðçð░ÐüÐéðÁð╣, ð¥ð┤ð¢ð¥ð▓ÐÇðÁð╝ðÁð¢ð¢ð¥ ð┐ð¥ð┤ð│ð¥Ðéð░ð▓ð╗ð©ð▓ð░ÐÅ Ðüð┐ðÁÐåð©ð░ð╗ð©ÐüÐéð¥ð▓ ð▓ ð¢ÐâðÂð¢ð¥ð╣ ð¥ÐéÐÇð░Ðüð╗ð©.",
    "image": "",
    "published_at": "2024-10-28T14:32:29.135Z"
  }
},
{
  "model": "webapp.news",
  "pk": 5,
  "fields": {
    "title": "ðÆ ðÜð░ðÀð░ÐàÐüÐéð░ð¢ðÁ ð╗ðÁð│ð░ð╗ð©ðÀð¥ð▓Ðïð▓ð░ÐÄÐé ð┐ÐÇð░ð▓ð¥ÐÇÐâð╗Ðîð¢ÐïðÁ ð░ð▓Ðéð¥, ð▓ð▓ðÁðÀðÁð¢ð¢ÐïðÁ ð▓ ð║ð░ÐçðÁÐüÐéð▓ðÁ ðÀð░ð┐Ðçð░ÐüÐéðÁð╣",
    "short_description": "23 ÐÅð¢ð▓ð░ÐÇÐÅ ð▓ ðÜð░ðÀð░ÐàÐüÐéð░ð¢ðÁ ÐüÐéð░ÐÇÐéð¥ð▓ð░ð╗ð░ ð╗ðÁð│ð░ð╗ð©ðÀð░Ðåð©ÐÅ ð░ð▓Ðéð¥ð╝ð¥ð▒ð©ð╗ðÁð╣ Ðü ð©ð¢ð¥ÐüÐéÐÇð░ð¢ð¢Ðïð╝ð© ð¢ð¥ð╝ðÁÐÇð░ð╝ð©, ð¢ð¥ ð▓ð╗ð░ÐüÐéð© ÐâðÂðÁ ÐüÐéð¥ð╗ð║ð¢Ðâð╗ð©ÐüÐî Ðü ð┐ÐÇð¥ð▒ð╗ðÁð╝ð░ð╝ð©.",
    "full_text": "ðæðÿð¿ðÜðòðÜ, 14 ÐäðÁð▓ ÔÇö Sputnik. ðÆ ðÜð░ðÀð░ÐàÐüÐéð░ð¢ðÁ ð▓ Ðàð¥ð┤ðÁ ð╗ðÁð│ð░ð╗ð©ðÀð░Ðåð©ð© ð░ð▓Ðéð¥ð╝ð¥ð▒ð©ð╗ðÁð╣ ð▓ÐïÐÅÐüð¢ð©ð╗ð¥ÐüÐî, ÐçÐéð¥ Ðçð░ÐüÐéÐî ð╝ð░Ðêð©ð¢ ð▒Ðïð╗ð░ ð▓ð▓ðÁðÀðÁð¢ð░ ð┐ð¥ð┤ ð▓ð©ð┤ð¥ð╝ ðÀð░ð┐Ðçð░ÐüÐéðÁð╣, ð© ÐéðÁð┐ðÁÐÇÐî ð©Ðà Ðéð¥ðÂðÁ ÐâðÀð░ð║ð¥ð¢ð©ð▓ð░ÐÄÐé. ð×ð▒ ÐìÐéð¥ð╝ ð┐ð©ÐêðÁÐé ð┐ð¥ÐÇÐéð░ð╗ Polisia.kz.\r\nð×Ðéð╝ðÁÐçðÁð¢ð¥, ÐçÐéð¥ ð£ðÆðö ð░ð¢ð░ð╗ð©ðÀð©ÐÇÐâðÁÐé ð▓ð¥ð┐ÐÇð¥ÐüÐï, ð▓ð¥ðÀð¢ð©ð║ð░ÐÄÐëð©ðÁ ð▓ ð┐ÐÇð¥ÐåðÁÐüÐüðÁ ð╗ðÁð│ð░ð╗ð©ðÀð░Ðåð©ð© ð░ð▓Ðéð¥ð╝ð¥ð▒ð©ð╗ðÁð╣.\r\n\"ðÆ ð┐ÐÇð¥ÐåðÁÐüÐüðÁ ð╗ðÁð│ð░ð╗ð©ðÀð░Ðåð©ð© ÐâÐüÐéð░ð¢ð¥ð▓ð╗ðÁð¢Ðï ð░ð▓Ðéð¥ð╝ð¥ð▒ð©ð╗ð© ð▓ ð▒ð¥ð╗ÐîÐêð©ð¢ÐüÐéð▓ðÁ Ðüð▓ð¥ðÁð╝ ð┐ÐÇð░ð▓ð¥ÐÇÐâð╗Ðîð¢ÐïðÁ, ð║ð¥Ðéð¥ÐÇÐïðÁ ð▒Ðïð╗ð© ð▓ð▓ðÁðÀðÁð¢Ðï ð¢ð░ ÐéðÁÐÇÐÇð©Ðéð¥ÐÇð©ÐÄ ÐüÐéÐÇð░ð¢Ðï ð┐ð¥ð┤ ð▓ð©ð┤ð¥ð╝ ðÀð░ð┐ð░Ðüð¢ÐïÐà Ðçð░ÐüÐéðÁð╣ ð© ð▓ ð┤ð░ð╗Ðîð¢ðÁð╣ÐêðÁð╝ ÐÇðÁð░ð╗ð©ðÀð¥ð▓ð░ð¢Ðï ð│ÐÇð░ðÂð┤ð░ð¢ð░ð╝ ðÜð░ðÀð░ÐàÐüÐéð░ð¢ð░. ðƒð¥ ð¢ð©ð╝ ð£ðÆðö Ðüð¥ð▓ð╝ðÁÐüÐéð¢ð¥ Ðü ð│ð¥Ðüð¥ÐÇð│ð░ð¢ð░ð╝ð© ð▓ÐïÐÇð░ð▒ð¥Ðéð░ð╗ð¥ ð┐ÐÇð░ð▓ð¥ð▓ÐïðÁ ð╝ðÁÐàð░ð¢ð©ðÀð╝Ðï ð┐ðÁÐÇð▓ð©Ðçð¢ð¥ð╣ ÐÇðÁð│ð©ÐüÐéÐÇð░Ðåð©ð© ð▓ ðÜð░ðÀð░ÐàÐüÐéð░ð¢ðÁ, ÐüðÁð╣Ðçð░Ðü ð▓ðÁð┤ðÁÐéÐüÐÅ ÐÇð░ð▒ð¥Ðéð░ ð┐ð¥ ð©Ðà ÐÄÐÇð©ð┤ð©ÐçðÁÐüð║ð¥ð╝Ðâ ð¥Ðäð¥ÐÇð╝ð╗ðÁð¢ð©ÐÄ\", ÔÇö ð┐ð©ÐêðÁÐé ð┐ð¥ÐÇÐéð░ð╗.\r\n\r\n23 ÐÅð¢ð▓ð░ÐÇÐÅ ð▓ ðÜð░ðÀð░ÐàÐüÐéð░ð¢ðÁ ÐüÐéð░ÐÇÐéð¥ð▓ð░ð╗ð░ ð╗ðÁð│ð░ð╗ð©ðÀð░Ðåð©ÐÅ ð┐ÐÇð░ð▓ð¥ÐÇÐâð╗Ðîð¢ÐïÐà ð░ð▓Ðéð¥ð╝ð¥ð▒ð©ð╗ðÁð╣ Ðü ð©ð¢ð¥ÐüÐéÐÇð░ð¢ð¢Ðïð╝ð© ð¢ð¥ð╝ðÁÐÇð░ð╝ð©. ðƒð¥ ð©Ðéð¥ð│ð░ð╝ ð┐ðÁÐÇð▓ÐïÐà 20 ð┤ð¢ðÁð╣ ð╗ðÁð│ð░ð╗ð©ðÀð░Ðåð©ð© ð┐ÐÇð¥ð©ðÀð▓ðÁð┤ðÁð¢ð░ ð┐ðÁÐÇð▓ð©Ðçð¢ð░ÐÅ ÐÇðÁð│ð©ÐüÐéÐÇð░Ðåð©ÐÅ ð¥ð║ð¥ð╗ð¥ 27 ÐéÐïÐüÐÅÐç ÐéÐÇð░ð¢Ðüð┐ð¥ÐÇÐéð¢ÐïÐà ÐüÐÇðÁð┤ÐüÐéð▓. ðòÐëðÁ Ðüð▓ÐïÐêðÁ 65 ÐéÐïÐüÐÅÐç ðÁð┤ð©ð¢ð©Ðå ð░ð▓Ðéð¥ÐéÐÇð░ð¢Ðüð┐ð¥ÐÇÐéð░ ð┐ÐÇð¥Ðêð╗ð© ð┐ÐÇðÁð┤ð▓ð░ÐÇð©ÐéðÁð╗Ðîð¢ÐâÐÄ ð┐ÐÇð¥ð▓ðÁÐÇð║Ðâ ð© ð¢ð░ð┐ÐÇð░ð▓ð╗ðÁð¢Ðï ð┤ð╗ÐÅ ð┐ÐÇð¥Ðàð¥ðÂð┤ðÁð¢ð©ÐÅ Ðüð▓ðÁÐÇð║ð© ð¢ð¥ð╝ðÁÐÇð¢ÐïÐà ð░ð│ÐÇðÁð│ð░Ðéð¥ð▓ ð© ð┤ð░ð╗Ðîð¢ðÁð╣ÐêðÁð╣ ÐÇðÁð│ð©ÐüÐéÐÇð░Ðåð©ð©.\r\nðØð░ð┐ð¥ð╝ð¢ð©ð╝, ÐçÐéð¥ ð▓ ðÜÐïÐÇð│ÐïðÀÐüÐéð░ð¢ðÁ Ðéð¥ðÂðÁ ð┐ð╗ð░ð¢ð©ÐÇÐâðÁÐéÐüÐÅ ð╗ðÁð│ð░ð╗ð©ðÀð░Ðåð©ÐÅ ð┐ÐÇð░ð▓ð¥ÐÇÐâð╗Ðîð¢ÐïÐà ð░ð▓Ðéð¥.",
    "image": "",
    "published_at": "2024-10-28T14:33:20.851Z"
  }
},
{
  "model": "webapp.favorite",
  "pk": 1,
  "fields": {
    "session_key": null,
    "user": 1,
    "part": 42
  }
},
{
  "model": "webapp.favorite",
  "pk": 4,
  "fields": {
    "session_key": null,
    "user": 3,
    "part": 32
  }
}
]
