[
{
    "model": "auth.permission",
    "pk": 1,
    "fields": {
        "name": "Can add log entry",
        "content_type": 1,
        "codename": "add_logentry"
    }
},
{
    "model": "auth.permission",
    "pk": 2,
    "fields": {
        "name": "Can change log entry",
        "content_type": 1,
        "codename": "change_logentry"
    }
},
{
    "model": "auth.permission",
    "pk": 3,
    "fields": {
        "name": "Can delete log entry",
        "content_type": 1,
        "codename": "delete_logentry"
    }
},
{
    "model": "auth.permission",
    "pk": 4,
    "fields": {
        "name": "Can view log entry",
        "content_type": 1,
        "codename": "view_logentry"
    }
},
{
    "model": "auth.permission",
    "pk": 5,
    "fields": {
        "name": "Can add permission",
        "content_type": 2,
        "codename": "add_permission"
    }
},
{
    "model": "auth.permission",
    "pk": 6,
    "fields": {
        "name": "Can change permission",
        "content_type": 2,
        "codename": "change_permission"
    }
},
{
    "model": "auth.permission",
    "pk": 7,
    "fields": {
        "name": "Can delete permission",
        "content_type": 2,
        "codename": "delete_permission"
    }
},
{
    "model": "auth.permission",
    "pk": 8,
    "fields": {
        "name": "Can view permission",
        "content_type": 2,
        "codename": "view_permission"
    }
},
{
    "model": "auth.permission",
    "pk": 9,
    "fields": {
        "name": "Can add group",
        "content_type": 3,
        "codename": "add_group"
    }
},
{
    "model": "auth.permission",
    "pk": 10,
    "fields": {
        "name": "Can change group",
        "content_type": 3,
        "codename": "change_group"
    }
},
{
    "model": "auth.permission",
    "pk": 11,
    "fields": {
        "name": "Can delete group",
        "content_type": 3,
        "codename": "delete_group"
    }
},
{
    "model": "auth.permission",
    "pk": 12,
    "fields": {
        "name": "Can view group",
        "content_type": 3,
        "codename": "view_group"
    }
},
{
    "model": "auth.permission",
    "pk": 13,
    "fields": {
        "name": "Can add content type",
        "content_type": 4,
        "codename": "add_contenttype"
    }
},
{
    "model": "auth.permission",
    "pk": 14,
    "fields": {
        "name": "Can change content type",
        "content_type": 4,
        "codename": "change_contenttype"
    }
},
{
    "model": "auth.permission",
    "pk": 15,
    "fields": {
        "name": "Can delete content type",
        "content_type": 4,
        "codename": "delete_contenttype"
    }
},
{
    "model": "auth.permission",
    "pk": 16,
    "fields": {
        "name": "Can view content type",
        "content_type": 4,
        "codename": "view_contenttype"
    }
},
{
    "model": "auth.permission",
    "pk": 17,
    "fields": {
        "name": "Can add session",
        "content_type": 5,
        "codename": "add_session"
    }
},
{
    "model": "auth.permission",
    "pk": 18,
    "fields": {
        "name": "Can change session",
        "content_type": 5,
        "codename": "change_session"
    }
},
{
    "model": "auth.permission",
    "pk": 19,
    "fields": {
        "name": "Can delete session",
        "content_type": 5,
        "codename": "delete_session"
    }
},
{
    "model": "auth.permission",
    "pk": 20,
    "fields": {
        "name": "Can view session",
        "content_type": 5,
        "codename": "view_session"
    }
},
{
    "model": "auth.permission",
    "pk": 21,
    "fields": {
        "name": "Can add car_brand",
        "content_type": 6,
        "codename": "add_carbrand"
    }
},
{
    "model": "auth.permission",
    "pk": 22,
    "fields": {
        "name": "Can change car_brand",
        "content_type": 6,
        "codename": "change_carbrand"
    }
},
{
    "model": "auth.permission",
    "pk": 23,
    "fields": {
        "name": "Can delete car_brand",
        "content_type": 6,
        "codename": "delete_carbrand"
    }
},
{
    "model": "auth.permission",
    "pk": 24,
    "fields": {
        "name": "Can view car_brand",
        "content_type": 6,
        "codename": "view_carbrand"
    }
},
{
    "model": "auth.permission",
    "pk": 25,
    "fields": {
        "name": "Can add car_category",
        "content_type": 7,
        "codename": "add_category"
    }
},
{
    "model": "auth.permission",
    "pk": 26,
    "fields": {
        "name": "Can change car_category",
        "content_type": 7,
        "codename": "change_category"
    }
},
{
    "model": "auth.permission",
    "pk": 27,
    "fields": {
        "name": "Can delete car_category",
        "content_type": 7,
        "codename": "delete_category"
    }
},
{
    "model": "auth.permission",
    "pk": 28,
    "fields": {
        "name": "Can view car_category",
        "content_type": 7,
        "codename": "view_category"
    }
},
{
    "model": "auth.permission",
    "pk": 29,
    "fields": {
        "name": "Can add car_countries",
        "content_type": 8,
        "codename": "add_country"
    }
},
{
    "model": "auth.permission",
    "pk": 30,
    "fields": {
        "name": "Can change car_countries",
        "content_type": 8,
        "codename": "change_country"
    }
},
{
    "model": "auth.permission",
    "pk": 31,
    "fields": {
        "name": "Can delete car_countries",
        "content_type": 8,
        "codename": "delete_country"
    }
},
{
    "model": "auth.permission",
    "pk": 32,
    "fields": {
        "name": "Can view car_countries",
        "content_type": 8,
        "codename": "view_country"
    }
},
{
    "model": "auth.permission",
    "pk": 33,
    "fields": {
        "name": "Can add engine",
        "content_type": 9,
        "codename": "add_engine"
    }
},
{
    "model": "auth.permission",
    "pk": 34,
    "fields": {
        "name": "Can change engine",
        "content_type": 9,
        "codename": "change_engine"
    }
},
{
    "model": "auth.permission",
    "pk": 35,
    "fields": {
        "name": "Can delete engine",
        "content_type": 9,
        "codename": "delete_engine"
    }
},
{
    "model": "auth.permission",
    "pk": 36,
    "fields": {
        "name": "Can view engine",
        "content_type": 9,
        "codename": "view_engine"
    }
},
{
    "model": "auth.permission",
    "pk": 37,
    "fields": {
        "name": "Can add user",
        "content_type": 10,
        "codename": "add_user"
    }
},
{
    "model": "auth.permission",
    "pk": 38,
    "fields": {
        "name": "Can change user",
        "content_type": 10,
        "codename": "change_user"
    }
},
{
    "model": "auth.permission",
    "pk": 39,
    "fields": {
        "name": "Can delete user",
        "content_type": 10,
        "codename": "delete_user"
    }
},
{
    "model": "auth.permission",
    "pk": 40,
    "fields": {
        "name": "Can view user",
        "content_type": 10,
        "codename": "view_user"
    }
},
{
    "model": "auth.permission",
    "pk": 41,
    "fields": {
        "name": "Can add car_model",
        "content_type": 11,
        "codename": "add_carmodel"
    }
},
{
    "model": "auth.permission",
    "pk": 42,
    "fields": {
        "name": "Can change car_model",
        "content_type": 11,
        "codename": "change_carmodel"
    }
},
{
    "model": "auth.permission",
    "pk": 43,
    "fields": {
        "name": "Can delete car_model",
        "content_type": 11,
        "codename": "delete_carmodel"
    }
},
{
    "model": "auth.permission",
    "pk": 44,
    "fields": {
        "name": "Can view car_model",
        "content_type": 11,
        "codename": "view_carmodel"
    }
},
{
    "model": "auth.permission",
    "pk": 45,
    "fields": {
        "name": "Can add vehicle",
        "content_type": 12,
        "codename": "add_vehicleinfo"
    }
},
{
    "model": "auth.permission",
    "pk": 46,
    "fields": {
        "name": "Can change vehicle",
        "content_type": 12,
        "codename": "change_vehicleinfo"
    }
},
{
    "model": "auth.permission",
    "pk": 47,
    "fields": {
        "name": "Can delete vehicle",
        "content_type": 12,
        "codename": "delete_vehicleinfo"
    }
},
{
    "model": "auth.permission",
    "pk": 48,
    "fields": {
        "name": "Can view vehicle",
        "content_type": 12,
        "codename": "view_vehicleinfo"
    }
},
{
    "model": "auth.permission",
    "pk": 49,
    "fields": {
        "name": "Can add car_part",
        "content_type": 13,
        "codename": "add_part"
    }
},
{
    "model": "auth.permission",
    "pk": 50,
    "fields": {
        "name": "Can change car_part",
        "content_type": 13,
        "codename": "change_part"
    }
},
{
    "model": "auth.permission",
    "pk": 51,
    "fields": {
        "name": "Can delete car_part",
        "content_type": 13,
        "codename": "delete_part"
    }
},
{
    "model": "auth.permission",
    "pk": 52,
    "fields": {
        "name": "Can view car_part",
        "content_type": 13,
        "codename": "view_part"
    }
},
{
    "model": "auth.permission",
    "pk": 53,
    "fields": {
        "name": "Can add Товар в корзине",
        "content_type": 14,
        "codename": "add_cart"
    }
},
{
    "model": "auth.permission",
    "pk": 54,
    "fields": {
        "name": "Can change Товар в корзине",
        "content_type": 14,
        "codename": "change_cart"
    }
},
{
    "model": "auth.permission",
    "pk": 55,
    "fields": {
        "name": "Can delete Товар в корзине",
        "content_type": 14,
        "codename": "delete_cart"
    }
},
{
    "model": "auth.permission",
    "pk": 56,
    "fields": {
        "name": "Can view Товар в корзине",
        "content_type": 14,
        "codename": "view_cart"
    }
},
{
    "model": "contenttypes.contenttype",
    "pk": 1,
    "fields": {
        "app_label": "admin",
        "model": "logentry"
    }
},
{
    "model": "contenttypes.contenttype",
    "pk": 2,
    "fields": {
        "app_label": "auth",
        "model": "permission"
    }
},
{
    "model": "contenttypes.contenttype",
    "pk": 3,
    "fields": {
        "app_label": "auth",
        "model": "group"
    }
},
{
    "model": "contenttypes.contenttype",
    "pk": 4,
    "fields": {
        "app_label": "contenttypes",
        "model": "contenttype"
    }
},
{
    "model": "contenttypes.contenttype",
    "pk": 5,
    "fields": {
        "app_label": "sessions",
        "model": "session"
    }
},
{
    "model": "contenttypes.contenttype",
    "pk": 6,
    "fields": {
        "app_label": "webapp",
        "model": "carbrand"
    }
},
{
    "model": "contenttypes.contenttype",
    "pk": 7,
    "fields": {
        "app_label": "webapp",
        "model": "category"
    }
},
{
    "model": "contenttypes.contenttype",
    "pk": 8,
    "fields": {
        "app_label": "webapp",
        "model": "country"
    }
},
{
    "model": "contenttypes.contenttype",
    "pk": 9,
    "fields": {
        "app_label": "webapp",
        "model": "engine"
    }
},
{
    "model": "contenttypes.contenttype",
    "pk": 10,
    "fields": {
        "app_label": "webapp",
        "model": "user"
    }
},
{
    "model": "contenttypes.contenttype",
    "pk": 11,
    "fields": {
        "app_label": "webapp",
        "model": "carmodel"
    }
},
{
    "model": "contenttypes.contenttype",
    "pk": 12,
    "fields": {
        "app_label": "webapp",
        "model": "vehicleinfo"
    }
},
{
    "model": "contenttypes.contenttype",
    "pk": 13,
    "fields": {
        "app_label": "webapp",
        "model": "part"
    }
},
{
    "model": "contenttypes.contenttype",
    "pk": 14,
    "fields": {
        "app_label": "webapp",
        "model": "cart"
    }
},
{
    "model": "webapp.carbrand",
    "pk": 1,
    "fields": {
        "name": "BMW",
        "description": "bmwbmwbmw"
    }
},
{
    "model": "webapp.carbrand",
    "pk": 2,
    "fields": {
        "name": "LEXUS",
        "description": "lexuslssdsd"
    }
},
{
    "model": "webapp.carbrand",
    "pk": 3,
    "fields": {
        "name": "KIA",
        "description": "sssasas"
    }
},
{
    "model": "webapp.carbrand",
    "pk": 4,
    "fields": {
        "name": "Toyota",
        "description": "Японский производитель автомобилей"
    }
},
{
    "model": "webapp.carbrand",
    "pk": 5,
    "fields": {
        "name": "Ford",
        "description": "Американский производитель автомобилей"
    }
},
{
    "model": "webapp.carbrand",
    "pk": 6,
    "fields": {
        "name": "BMW",
        "description": "Немецкий производитель автомобилей премиум-класса"
    }
},
{
    "model": "webapp.carbrand",
    "pk": 7,
    "fields": {
        "name": "Renault",
        "description": "Французский производитель автомобилей"
    }
},
{
    "model": "webapp.carbrand",
    "pk": 8,
    "fields": {
        "name": "Fiat",
        "description": "Итальянский производитель автомобилей"
    }
},
{
    "model": "webapp.carbrand",
    "pk": 9,
    "fields": {
        "name": "Renault",
        "description": "Французский производитель автомобилей"
    }
},
{
    "model": "webapp.carbrand",
    "pk": 10,
    "fields": {
        "name": "Fiat",
        "description": "Итальянский производитель автомобилей"
    }
},
{
    "model": "webapp.carbrand",
    "pk": 11,
    "fields": {
        "name": "Hyundai",
        "description": "Южнокорейский производитель автомобилей"
    }
},
{
    "model": "webapp.carmodel",
    "pk": 1,
    "fields": {
        "name": "m5",
        "brand": 1,
        "year_of_manufacture": 2012
    }
},
{
    "model": "webapp.carmodel",
    "pk": 2,
    "fields": {
        "name": "3",
        "brand": 2,
        "year_of_manufacture": 2010
    }
},
{
    "model": "webapp.carmodel",
    "pk": 3,
    "fields": {
        "name": "Morning",
        "brand": 3,
        "year_of_manufacture": 2018
    }
},
{
    "model": "webapp.carmodel",
    "pk": 4,
    "fields": {
        "name": "Camry",
        "brand": 4,
        "year_of_manufacture": 2020
    }
},
{
    "model": "webapp.carmodel",
    "pk": 5,
    "fields": {
        "name": "Mustang",
        "brand": 5,
        "year_of_manufacture": 2019
    }
},
{
    "model": "webapp.carmodel",
    "pk": 6,
    "fields": {
        "name": "Clio",
        "brand": 7,
        "year_of_manufacture": 2018
    }
},
{
    "model": "webapp.carmodel",
    "pk": 7,
    "fields": {
        "name": "500",
        "brand": 8,
        "year_of_manufacture": 2022
    }
},
{
    "model": "webapp.carmodel",
    "pk": 8,
    "fields": {
        "name": "Elantra",
        "brand": 11,
        "year_of_manufacture": 2020
    }
},
{
    "model": "webapp.carmodel",
    "pk": 9,
    "fields": {
        "name": "3 Series",
        "brand": 1,
        "year_of_manufacture": 2021
    }
},
{
    "model": "webapp.engine",
    "pk": 1,
    "fields": {
        "engine_type": "electric",
        "displacement": "222.00",
        "horsepower": 22,
        "torque": 222
    }
},
{
    "model": "webapp.engine",
    "pk": 2,
    "fields": {
        "engine_type": "gasoline",
        "displacement": "2.50",
        "horsepower": 203,
        "torque": 250
    }
},
{
    "model": "webapp.engine",
    "pk": 3,
    "fields": {
        "engine_type": "diesel",
        "displacement": "3.00",
        "horsepower": 255,
        "torque": 400
    }
},
{
    "model": "webapp.engine",
    "pk": 4,
    "fields": {
        "engine_type": "electric",
        "displacement": "0.00",
        "horsepower": 150,
        "torque": 300
    }
},
{
    "model": "webapp.engine",
    "pk": 5,
    "fields": {
        "engine_type": "hybrid",
        "displacement": "2.00",
        "horsepower": 200,
        "torque": 320
    }
},
{
    "model": "webapp.engine",
    "pk": 6,
    "fields": {
        "engine_type": "gasoline",
        "displacement": "1.40",
        "horsepower": 140,
        "torque": 200
    }
},
{
    "model": "webapp.engine",
    "pk": 7,
    "fields": {
        "engine_type": "diesel",
        "displacement": "2.20",
        "horsepower": 180,
        "torque": 340
    }
},
{
    "model": "webapp.category",
    "pk": 1,
    "fields": {
        "name": "Легковой",
        "description": "aaa"
    }
},
{
    "model": "webapp.category",
    "pk": 2,
    "fields": {
        "name": "Грузовые",
        "description": "фф"
    }
},
{
    "model": "webapp.category",
    "pk": 3,
    "fields": {
        "name": "Автобус",
        "description": "выв"
    }
},
{
    "model": "webapp.category",
    "pk": 4,
    "fields": {
        "name": "Тормоза",
        "description": "Тормозные колодки, диски и сопутствующие детали"
    }
},
{
    "model": "webapp.category",
    "pk": 5,
    "fields": {
        "name": "Подвеска",
        "description": "Амортизаторы, стойки и элементы подвески"
    }
},
{
    "model": "webapp.category",
    "pk": 6,
    "fields": {
        "name": "Детали двигателя",
        "description": "Компоненты двигателя и запчасти"
    }
},
{
    "model": "webapp.category",
    "pk": 7,
    "fields": {
        "name": "Детали двигателя",
        "description": "Компоненты двигателя и запчасти"
    }
},
{
    "model": "webapp.category",
    "pk": 8,
    "fields": {
        "name": "Трансмиссия",
        "description": "Запчасти трансмиссии и привода"
    }
},
{
    "model": "webapp.category",
    "pk": 9,
    "fields": {
        "name": "Кузовные детали",
        "description": "Детали кузова и ремонтные компоненты"
    }
},
{
    "model": "webapp.category",
    "pk": 10,
    "fields": {
        "name": "Интерьер",
        "description": "Отделка интерьера и аксессуары"
    }
},
{
    "model": "webapp.country",
    "pk": 1,
    "fields": {
        "name": "Korea"
    }
},
{
    "model": "webapp.country",
    "pk": 2,
    "fields": {
        "name": "China"
    }
},
{
    "model": "webapp.country",
    "pk": 3,
    "fields": {
        "name": "США"
    }
},
{
    "model": "webapp.country",
    "pk": 4,
    "fields": {
        "name": "Германия"
    }
},
{
    "model": "webapp.country",
    "pk": 5,
    "fields": {
        "name": "Япония"
    }
},
{
    "model": "webapp.country",
    "pk": 6,
    "fields": {
        "name": "Франция"
    }
},
{
    "model": "webapp.country",
    "pk": 7,
    "fields": {
        "name": "Италия"
    }
},
{
    "model": "webapp.country",
    "pk": 8,
    "fields": {
        "name": "Южная Корея"
    }
},
{
    "model": "webapp.country",
    "pk": 9,
    "fields": {
        "name": "Франция"
    }
},
{
    "model": "webapp.country",
    "pk": 10,
    "fields": {
        "name": "Италия"
    }
},
{
    "model": "webapp.country",
    "pk": 11,
    "fields": {
        "name": "Южная Корея"
    }
},
{
    "model": "webapp.vehicleinfo",
    "pk": 1,
    "fields": {
        "vehicle_type": "passenger",
        "model": 2,
        "year_of_manufacture": 2010,
        "body_type": "did",
        "engine": 1,
        "countries": [
            1
        ]
    }
},
{
    "model": "webapp.vehicleinfo",
    "pk": 2,
    "fields": {
        "vehicle_type": "passenger",
        "model": 4,
        "year_of_manufacture": 2020,
        "body_type": "Седан",
        "engine": 2,
        "countries": [
            3,
            5
        ]
    }
},
{
    "model": "webapp.vehicleinfo",
    "pk": 5,
    "fields": {
        "vehicle_type": "passenger",
        "model": 4,
        "year_of_manufacture": 2020,
        "body_type": "Седан",
        "engine": 2,
        "countries": [
            5
        ]
    }
},
{
    "model": "webapp.part",
    "pk": 1,
    "fields": {
        "category": 1,
        "vehicle_info": 1,
        "name": "weesd",
        "description": "dwdsad",
        "price": "2102012.00",
        "amount": 20,
        "image1": "parts/.jpg"
    }
},
{
    "model": "webapp.part",
    "pk": 2,
    "fields": {
        "category": 4,
        "vehicle_info": 2,
        "name": "Передние тормозные колодки",
        "description": "Оригинальные передние тормозные колодки",
        "price": "79.99",
        "amount": 40,
        "image1": "parts/brake_pads.jpg"
    }
},
{
    "model": "webapp.part",
    "pk": 3,
    "fields": {
        "category": 4,
        "vehicle_info": 2,
        "name": "Передние тормозные колодки",
        "description": "Оригинальные передние тормозные колодки",
        "price": "15999.00",
        "amount": 50,
        "image1": "parts/_𝘍𝘦𝘳𝘯.jpg"
    }
},
{
    "model": "webapp.part",
    "pk": 4,
    "fields": {
        "category": 5,
        "vehicle_info": 5,
        "name": "Abcd",
        "description": "wdwdsdsad",
        "price": "20000.00",
        "amount": 20,
        "image1": "parts/_𝘚𝘵𝘢𝘳𝘬.jpg"
    }
},
{
    "model": "webapp.part",
    "pk": 5,
    "fields": {
        "category": 7,
        "vehicle_info": 2,
        "name": "Hjfwefd",
        "description": "etsgdqd",
        "price": "10000.00",
        "amount": 10,
        "image1": "parts/99px_ru_wallpaper_356133_makima__makima_iz_anime_chainsaw_man_.jpg"
    }
},
{
    "model": "webapp.user",
    "pk": 1,
    "fields": {
        "password": "pbkdf2_sha256$720000$n10CHl4Y6iy6r2LmRORjA2$xyLZv2u4+YfK1Wnn9GPMiKP8ZksxCYjwZSpkRY5pYDw=",
        "last_login": "2024-09-09T08:51:12.346Z",
        "is_superuser": true,
        "username": "a",
        "first_name": "",
        "last_name": "",
        "email": "",
        "is_staff": true,
        "is_active": true,
        "date_joined": "2024-09-09T08:51:01.133Z",
        "phone_number": "",
        "groups": [],
        "user_permissions": []
    }
}
]
